global_idx,confidence,rrs,threshold
33,0.9999999873333338,0.6580351221833063,0.55
45,0.999680966656262,0.6297209835701983,0.55
47,0.9999861898432688,0.5927434780473223,0.55
56,0.999915602505776,0.6002888010931189,0.55
79,0.999739436609074,0.6382091419235659,0.55
80,0.9970780009037161,0.6687240443113586,0.55
139,0.9999875450767307,0.6218146724291703,0.55
160,0.9999982781708144,0.5773941218269718,0.55
164,0.9999156610031882,0.6002888274169543,0.55
170,0.9999999873333338,0.6580351221833063,0.55
191,0.9999861790738419,0.5955682203903356,0.55
217,0.9997136000959675,0.6381975154926681,0.55
232,0.9999097153890351,0.6002861518905854,0.55
255,0.9996297448151842,0.6206713930981925,0.55
262,0.9999841923561644,0.5862551262241126,0.55
291,0.8094170645128674,0.6014781651076282,0.55
301,0.9990514519086096,0.615045202614274,0.55
318,3.323252442082913e-05,-0.0001177538119059838,0.55
345,0.9997589595869443,0.6382179272636076,0.55
350,0.9999398263932519,0.6160886107546141,0.55
377,0.9999861939444945,0.5862560269388611,0.55
380,0.9999861774555586,0.58625601951884,0.55
472,8.319417182612856e-06,-3.3551002438024234e-05,0.55
474,0.00024879283898498447,-0.0007045177110763986,0.55
476,0.9999999873333338,0.6580351221833063,0.55
503,0.9996344808970649,0.6297000649785597,0.55
509,0.9999855710266398,0.5862557466258266,0.55
523,0.9998847145154993,0.6382745169814573,0.55
547,0.9999999873333338,0.6580351221833063,0.55
636,3.113597574786119e-05,-0.00011104222264198262,0.55
653,0.9999983638333001,0.5689157256954699,0.55
670,0.9996297202869086,0.6206713820604685,0.55
696,0.9970715261597334,0.6687211306765664,0.55
729,0.9999861944559676,0.586256027169024,0.55
778,1.764262803104691e-05,-6.646239162109052e-05,0.55
790,0.9999153969356027,0.6002887085865409,0.55
824,0.9999999873333338,0.6580351221833063,0.55
828,0.9999861619452597,0.5955682126824736,0.55
846,0.9996181616618154,0.6381545681972997,0.55
853,0.9986079647238051,0.5887958616255047,0.55
891,0.9999983225766272,0.5773941418095875,0.55
895,0.9999148010761973,0.6002884404498084,0.55
903,0.9531514166251412,0.579342433347948,0.55
905,5.4615720746571425e-05,-0.00018393100451396637,0.55
910,0.9997028278160475,0.638192667966704,0.55
932,0.9997472721802608,0.6382126679306,0.55
935,0.999686598252616,0.6297235177885576,0.55
946,0.9999855849116034,0.5867295822560915,0.55
969,0.9983274997598833,0.5886696523917399,0.55
994,0.9999709695376056,0.6198902182016353,0.55
1048,0.9999983218756595,0.577394141494152,0.5824105366549919
1051,0.9970809390137919,0.5849486622200449,0.5824105366549919
1059,0.9999153563537267,0.6002886903246967,0.5824105366549919
1065,0.9999684335006044,0.7549735856069322,0.5824105366549919
1069,0.9996251595809005,0.6206693297427649,0.5824105366549919
1129,0.9999978633638009,0.5773939351638157,0.5824105366549919
1134,0.9997913585371072,0.6297706599165788,0.5824105366549919
1140,0.9999153409983889,0.6002886834147947,0.5824105366549919
1142,0.9997509031345441,0.6382143018600275,0.5824105366549919
1144,0.9999270724316365,0.6160828714718872,0.5824105366549919
1155,0.055970217569374425,-0.05078636765874599,0.5824105366549919
1194,0.9999085392710497,0.6002856226374921,0.5824105366549919
1207,0.9996596151268414,0.6297113753819591,0.5824105366549919
1215,0.00026731824387104375,-0.0007501901005787946,0.5824105366549919
1217,0.9999861810391181,0.5955682212747099,0.5824105366549919
1226,0.9999855763587838,0.5955679491685595,0.5824105366549919
1250,0.9999861949647378,0.5862560273979706,0.5824105366549919
1267,0.9999855840549765,0.581282324375652,0.5824105366549919
1269,0.999739952852958,0.6382093742333138,0.5824105366549919
1284,0.9999398733730791,0.6160886318955364,0.5824105366549919
1300,0.9999203896231488,0.6002909552959366,0.5824105366549919
1303,0.9998693355932607,0.63826759646645,0.5824105366549919
1316,0.9999398689402139,0.616088629900747,0.5824105366549919
1323,0.9996188619231987,0.6296930364403199,0.5824105366549919
1329,0.9999861941509274,0.5862560270317559,0.5824105366549919
1352,0.9999325318991072,0.616085328232249,0.5824105366549919
1389,0.9997569741256483,0.6382170338060243,0.5824105366549919
1403,0.9999861809909486,0.5955682212530337,0.5824105366549919
1424,0.99999832114118,0.5773941411636363,0.5824105366549919
1439,0.9994957013134451,0.6206110735224099,0.5824105366549919
1554,0.9999574288572827,0.6198841248954899,0.5824105366549919
1607,0.9999983210288157,0.5773941411130723,0.5824105366549919
1620,0.9999983249157037,0.5773941428621719,0.5824105366549919
1654,0.9999153426157791,0.6002886841426203,0.5824105366549919
1671,0.9999398090047417,0.6022050668721758,0.5824105366549919
1672,0.999986014909176,0.595568146516236,0.5824105366549919
1700,0.9999156276120876,0.6002888123909591,0.5824105366549919
1748,0.9999153584725488,0.6002886912781666,0.5824105366549919
1784,0.999939872791806,0.6160886316339634,0.5824105366549919
1801,0.9999879222915956,0.6218148421758595,0.5824105366549919
1804,0.9999663177617945,0.6198881249025202,0.5824105366549919
1808,0.9997626908983833,0.6382196063537552,0.5824105366549919
1841,0.00015934957770655402,-0.0004763331487413113,0.5824105366549919
1856,0.9999861302041503,0.5955681983989743,0.5824105366549919
1860,0.9999148094145347,0.6002884442020603,0.5824105366549919
1866,0.9999861729240734,0.5862560174796717,0.5824105366549919
1869,0.999998315987265,0.5773941388443745,0.5824105366549919
1879,0.9999982690876591,0.5773941177395518,0.5824105366549919
1892,4.329549309949292e-06,-1.8459945676658615e-05,0.5824105366549919
1921,0.9991953482798722,0.6204759146573021,0.5824105366549919
1929,0.9999864453881033,0.586256140088485,0.5824105366549919
1938,0.9999398723382134,0.6160886314298467,0.5824105366549919
1965,0.999915404912276,0.6002887121760438,0.5824105366549919
1985,8.739370400714e-05,-0.00027979636748136003,0.5824105366549919
1990,0.9997578033840104,0.5859481742356403,0.5824105366549919
2043,0.9997438976692663,0.6382111494006525,0.5991524858003017
2051,0.9999983244727711,0.5773941426628523,0.5991524858003017
2076,0.9999983191802025,0.5773941402811964,0.5991524858003017
2085,0.9994036549585892,0.6094639719881927,0.5991524858003017
2097,0.9999861786262322,0.5955682201889113,0.5991524858003017
2110,3.4963119580408784e-05,-0.0001232585172137677,0.5991524858003017
2114,0.9997055615727575,0.6381938981572236,0.5991524858003017
2116,0.9999861884572523,0.5862560244696021,0.5991524858003017
2120,0.9973311129618685,0.5882212783326333,0.5991524858003017
2138,0.999998321223138,0.5773941412005174,0.5991524858003017
2151,0.9997598173236869,0.6382183132451418,0.5991524858003017
2159,0.9998374530670552,0.6382532493296574,0.5991524858003017
2176,0.999684360307788,0.6381843575879872,0.5991524858003017
2179,0.9712607888432998,0.5873941349450046,0.5991524858003017
2183,0.9999861736833243,0.5955682179646028,0.5991524858003017
2189,0.9999855859678425,0.5867295827313992,0.5991524858003017
2198,0.9999855807045327,0.6198967932267525,0.5991524858003017
2231,0.6031066441960432,0.04754953521051631,0.5991524858003017
2237,0.9994609532446909,0.6205954368914705,0.5991524858003017
2250,0.9999863473706544,0.5862560959806331,0.5991524858003017
2293,0.9999999873333338,0.6580351221833063,0.5991524858003017
2365,0.9999861810746624,0.5955682212907049,0.5991524858003017
2439,0.9999987470934639,0.6161151250697096,0.5991524858003017
2451,0.9999983224498878,0.5773941417525548,0.5991524858003017
2452,5.4615720746571425e-05,-0.00018393100451396637,0.5991524858003017
2510,0.9999861817884719,0.5955682216119191,0.5991524858003017
2513,0.581408685514208,0.031174587323291793,0.5991524858003017
2534,0.7005236579433897,0.6174271673325537,0.5991524858003017
2571,0.9999999873333338,0.6580351221833063,0.5991524858003017
2590,0.9999345324062913,0.6154425888382308,0.5991524858003017
2596,0.9984636737190749,0.6291732017484641,0.5991524858003017
2626,0.9978392689936422,0.6396543711450559,0.5991524858003017
2628,0.9997398465159056,0.6382093263816402,0.5991524858003017
2629,0.9999145113889607,0.600288310090552,0.5991524858003017
2653,0.9999861908550957,0.5927434785026443,0.5991524858003017
2674,0.9997560729220337,0.6382166282643978,0.5991524858003017
2701,0.9999859389187437,0.5862559121772732,0.5991524858003017
2702,0.9999398748528446,0.6160886325614309,0.5991524858003017
2778,0.9998363403556805,0.6297909017349367,0.5991524858003017
2788,0.9999981088833172,0.577394045647598,0.5991524858003017
2794,0.9999159849835926,0.6382885886920994,0.5991524858003017
2814,0.9999398659877106,0.6160886285721205,0.5991524858003017
2815,2.75003341476177e-05,-9.92831445989474e-05,0.5991524858003017
2829,0.9999861815709001,0.5955682215140118,0.5991524858003017
2837,0.9999983249715639,0.5773941428873091,0.5991524858003017
2868,5.699725981908257e-05,-0.0001910914898080928,0.5991524858003017
2874,3.4963119580408784e-05,-0.0001232585172137677,0.5991524858003017
2880,0.9999861681076448,0.595568215455547,0.5991524858003017
2927,0.9997025166302945,0.6381925279331152,0.5991524858003017
2954,0.9999999873333338,0.6580351221833063,0.5991524858003017
2967,0.9999159984258948,0.6382885947411353,0.5991524858003017
2998,0.9937683346546495,0.612667799849992,0.5991524858003017
3013,0.9999847886382768,0.5927428475050759,0.611303051403728
3030,0.9997459724127998,0.6382120830352426,0.611303051403728
3054,0.99998617809068,0.5955682199479128,0.611303051403728
3077,0.9998847163793277,0.6382745178201802,0.611303051403728
3085,0.9997425552052587,0.6382105452918491,0.611303051403728
3090,0.9999983249805529,0.577394142891354,0.611303051403728
3105,0.999986168574779,0.5955682156657572,0.611303051403728
3110,0.9999784293458072,0.619893575115326,0.611303051403728
3127,0.9999154138978674,0.60028871621956,0.611303051403728
3138,0.9999050416469313,0.6002840487066388,0.611303051403728
3151,0.9999153161196351,0.6002886722193554,0.611303051403728
3165,0.999998321452277,0.5773941413036299,0.611303051403728
3167,4.191946361147928e-05,-0.00014509365245259456,0.611303051403728
3176,0.9999983222679745,0.5773941416706938,0.611303051403728
3183,4.927427485907697e-05,-0.00016773500281354786,0.611303051403728
3184,0.9999976810860958,0.5773938531388484,0.611303051403728
3212,0.9999861866560907,0.5862560236590794,0.611303051403728
3217,0.9863285145856496,0.5942721274301768,0.611303051403728
3259,0.9999855858665788,0.5812823251908731,0.611303051403728
3260,0.9999398676727453,0.6160886293303861,0.611303051403728
3263,0.9999855843409139,0.619896794863124,0.611303051403728
3266,3.323252442082913e-05,-0.0001177538119059838,0.611303051403728
3298,0.9999861810884381,0.5955682212969039,0.611303051403728
3301,0.9999856315632399,0.5955679740105647,0.611303051403728
3302,0.9999983210882984,0.5773941411398396,0.611303051403728
3326,0.9999983219169366,0.5773941415127267,0.611303051403728
3370,0.9999827125429235,0.5955666604514224,0.611303051403728
3371,8.12030700758713e-05,-0.0002620855033481872,0.611303051403728
3379,0.9999174070303248,0.6002896131291658,0.611303051403728
3389,0.9996372034262658,0.6206747494731792,0.611303051403728
3390,0.00018905024637240906,-0.0005536937306978709,0.611303051403728
3406,0.9997487633799795,0.5859441062338263,0.611303051403728
3442,0.9999090043441455,0.6002858319203852,0.611303051403728
3457,0.9999983251037667,0.5773941429468002,0.611303051403728
3467,0.9999983189561628,0.5773941401803785,0.611303051403728
3480,0.9998847077710299,0.6382745139464462,0.611303051403728
3486,0.9999857455473332,0.5862558251601385,0.611303051403728
3510,0.9972969823929758,0.6688225859815254,0.611303051403728
3539,0.9999895753635858,0.621815586058255,0.611303051403728
3558,0.999985533498584,0.6198967719840756,0.611303051403728
3583,0.9997313975007649,0.6382055243248269,0.611303051403728
3590,0.9999861809628574,0.5955682212403927,0.611303051403728
3591,0.9999983223092094,0.5773941416892495,0.611303051403728
3681,0.9999147703704098,0.600288426632204,0.611303051403728
3725,0.99971206380331,0.585927591424325,0.611303051403728
3752,0.9999861942808758,0.5862560270902327,0.611303051403728
3775,0.999986195075761,0.586256027447931,0.611303051403728
3787,0.9999398643713806,0.616088627844772,0.611303051403728
3789,0.9997277619786815,0.6382038883398894,0.611303051403728
3832,0.9999398609861769,0.6160886263214304,0.611303051403728
3861,0.9999397674532515,0.6022050481740052,0.611303051403728
3879,0.9999999873333338,0.6580351221833063,0.611303051403728
3901,0.9999146964416357,0.6002883933642558,0.611303051403728
3923,0.9995853034817561,0.6206513944981499,0.611303051403728
3968,0.9999398672411727,0.6160886291361785,0.611303051403728
4049,0.999986191571404,0.5862560258709705,0.6193944901665435
4050,0.9996441712805216,0.6297044256511152,0.6193944901665435
4061,0.999983158741753,0.5812812329847014,0.6193944901665435
4095,0.9999983167504689,0.5773941391878162,0.6193944901665435
4101,0.9999153959934799,0.6002887081625856,0.6193944901665435
4115,0.999985585374116,0.5867295824642222,0.6193944901665435
4127,0.9999983250257141,0.5773941429116766,0.6193944901665435
4137,0.9999861684341993,0.5955682156024965,0.6193944901665435
4142,0.9970809053510317,0.5849486470718029,0.6193944901665435
4145,0.999986180813348,0.5955682211731134,0.6193944901665435
4150,0.9999983139497747,0.5773941379275038,0.6193944901665435
4163,0.9999982771904122,0.5773941213857907,0.6193944901665435
4166,0.9996999509641338,0.6381913733833429,0.6193944901665435
4207,0.9998912203498226,0.6002778291229398,0.6193944901665435
4217,0.9997219897912937,0.6382012908555649,0.6193944901665435
4246,0.9999855857249531,0.5812823251271414,0.6193944901665435
4254,9.161328350904555e-05,-0.00029177865143186453,0.6193944901665435
4282,0.030902014945561614,-0.03466896654629524,0.6193944901665435
4325,0.9999981859272168,0.5773940803173528,0.6193944901665435
4374,0.9997839778139698,0.638229185465769,0.6193944901665435
4393,0.999963735114002,0.6198869627110136,0.6193944901665435
4475,9.252521051193095e-05,-0.0002943590989684181,0.6193944901665435
4490,0.9997311866193207,0.638205429428177,0.6193944901665435
4517,0.9999999873333338,0.6580351221833063,0.6193944901665435
4525,0.9997071428387856,0.6381946097269362,0.6193944901665435
4562,0.9999154134029683,0.6002887159968554,0.6193944901665435
4593,0.999680236495763,0.620694114354453,0.6193944901665435
4606,0.9999999873333338,0.6580351221833063,0.6193944901665435
4612,0.9999999873333338,0.6580351221833063,0.6193944901665435
4672,0.9999999873333338,0.6580351221833063,0.6193944901665435
4683,0.9999763395551586,0.6198926347095342,0.6193944901665435
4699,0.9999855574634227,0.6198967827682529,0.6193944901665435
4775,3.328684185761027e-06,-1.4501847902268475e-05,0.6193944901665435
4801,0.999998323705247,0.5773941423174664,0.6193944901665435
4802,0.9999151871509071,0.6002886141834278,0.6193944901665435
4819,0.999986002303579,0.5862559407004492,0.6193944901665435
4831,0.999729577553056,0.6382047053483578,0.6193944901665435
4839,0.999998317986413,0.5773941397439911,0.6193944901665435
4894,0.0015550924110729412,-0.003395913432640679,0.6193944901665435
4948,0.999985586008798,0.5812823252548717,0.6193944901665435
4950,0.999709042902785,0.6381954647557359,0.6193944901665435
4958,0.0001517491463007123,-0.00045623522567950746,0.6193944901665435
4959,0.999985106989987,0.5867293671913641,0.6193944901665435
5002,0.9999983244870505,0.577394142669278,0.6309866797715723
5045,0.9996352567064068,0.6206738734492426,0.6309866797715723
5050,0.00013322217911189926,-0.00040666561399753485,0.6309866797715723
5114,0.9999983228060952,0.5773941419128481,0.6309866797715723
5180,0.9999839344188153,0.6198960523981796,0.6309866797715723
5203,0.9952533377912249,0.6384907021039682,0.6309866797715723
5216,0.9999983229837954,0.5773941419928132,0.6309866797715723
5228,0.9995721420421992,0.6206454718503492,0.6309866797715723
5234,0.9999982512024047,0.5773941096911874,0.6309866797715723
5238,0.9999855819046982,0.5812823234080268,0.6309866797715723
5270,0.9999983227529774,0.5773941418889451,0.6309866797715723
5291,0.0386448751777336,-0.040247390347496644,0.6309866797715723
5335,0.30481075522336476,-0.07864871326756691,0.6309866797715723
5344,0.9999398661000644,0.6160886286226798,0.6309866797715723
5351,0.0001377719062309669,-0.0004189184122581068,0.6309866797715723
5434,0.9999398372128887,0.6160886156234507,0.6309866797715723
5496,0.9999154028779991,0.6002887112606192,0.6309866797715723
5515,0.9999886738368136,0.6218151803712075,0.6309866797715723
5600,0.9999861818861202,0.5955682216558609,0.6309866797715723
5608,0.9999829633588329,0.5862545731753134,0.6309866797715723
5617,0.9996271709408007,0.62067023485472,0.6309866797715723
5619,2.4850735521246398e-05,-9.060732528752165e-05,0.6309866797715723
5621,0.9993510021104115,0.6205459588810448,0.6309866797715723
5634,0.9999983211686728,0.5773941411760081,0.6309866797715723
5637,0.9999983224734008,0.5773941417631356,0.6309866797715723
5648,0.9999869575608591,0.5955685707094934,0.6309866797715723
5656,9.958035367274405e-05,-0.0003142177024323923,0.6309866797715723
5658,0.9999999873333338,0.6580351221833063,0.6309866797715723
5670,0.9931915196343296,0.6669751277401346,0.6309866797715723
5673,0.999915408092125,0.6002887136069759,0.6309866797715723
5681,0.999629419912411,0.6206712468919445,0.6309866797715723
5683,0.9999855854042968,0.5812823249828462,0.6309866797715723
5706,0.9996777757171369,0.6206930070040712,0.6309866797715723
5714,0.9999398663169523,0.6160886287202793,0.6309866797715723
5761,0.9997642476238808,0.638220306880229,0.6309866797715723
5763,0.9999983250980207,0.5773941429442145,0.6309866797715723
5769,0.9996858023095687,0.6297231596141863,0.6309866797715723
5776,0.9999151129984744,0.6002885808148332,0.6309866797715723
5824,0.9999861949837334,0.5862560274065186,0.6309866797715723
5829,0.999985584056588,0.6198967947351773,0.6309866797715723
5849,0.999710924925908,0.6381963116661412,0.6309866797715723
5879,0.9999861939000937,0.5862560269188808,0.6309866797715723
5884,0.9997188409946219,0.5859306411604154,0.6309866797715723
5886,0.9997470339223804,0.6382125607145538,0.6309866797715723
5889,0.9902218113786263,0.5960241109870162,0.6309866797715723
5896,0.9997417901821698,0.6382102010314591,0.6309866797715723
5898,0.9999363336703755,0.6160870390293197,0.6309866797715723
5912,0.99991536381527,0.6002886936823911,0.6309866797715723
5944,0.9999983222803948,0.5773941416762829,0.6309866797715723
5967,0.9997591537152498,0.6382180146213451,0.6309866797715723
5984,0.9999754570291572,0.6198922375728335,0.6309866797715723
5985,0.025950024910194446,-0.03073841188034741,0.6309866797715723
5994,0.00022588398620703416,-0.0006473591779944655,0.6309866797715723
6036,0.9999154127869297,0.600288715719638,0.6331567679041693
6046,0.999935483301891,0.6160866563635018,0.6331567679041693
6097,0.9999154123496891,0.6002887155228798,0.6331567679041693
6127,0.9999861895934842,0.5862560249809065,0.6331567679041693
6129,0.999939827787051,0.6160886113818237,0.6331567679041693
6142,0.9997370062716984,0.6382080482717469,0.6331567679041693
6150,0.9999861915606997,0.5862560258661534,0.6331567679041693
6170,0.9999861916013767,0.5927434788384708,0.6331567679041693
6175,0.999753647281187,0.6382155367260168,0.6331567679041693
6191,0.9999861952355106,0.5862560275198184,0.6331567679041693
6197,0.9996271691533262,0.6206702340503564,0.6331567679041693
6218,0.527415864757741,-0.004494172512169364,0.6331567679041693
6237,0.9996297589179894,0.6206713994444549,0.6331567679041693
6257,0.9999154059603191,0.6002887126476633,0.6331567679041693
6285,0.032772594022109316,-0.036075704401658394,0.6331567679041693
6307,0.9999983636058233,0.5689157255931053,0.6331567679041693
6346,0.9999999873333338,0.6580351221833063,0.6331567679041693
6358,0.9999178235438234,0.6154350698501202,0.6331567679041693
6362,0.9999999873333338,0.6580351221833063,0.6331567679041693
6415,0.9999983204813854,0.5773941408667287,0.6331567679041693
6417,0.999939872172005,0.616088631355053,0.6331567679041693
6465,0.9999861818976795,0.5955682216610626,0.6331567679041693
6466,0.9997633108148528,0.6382198853161664,0.6331567679041693
6477,0.9999148428965572,0.6002884592689705,0.6331567679041693
6515,0.9988401028428584,0.6378044417287689,0.6331567679041693
6516,0.999984877498764,0.5955676346815505,0.6331567679041693
6522,0.9999089507042804,0.6202624313784325,0.6331567679041693
6523,0.9999863795764272,0.5862561104732308,0.6331567679041693
6538,0.9999156610749973,0.6002888274492685,0.6331567679041693
6544,0.9999983637880347,0.5689157256751005,0.6331567679041693
6562,0.999986183561635,0.5862560222665744,0.6331567679041693
6593,0.9999861814317239,0.5955682214513826,0.6331567679041693
6606,0.9997023598329553,0.6297306104997104,0.6331567679041693
6611,0.9999890613474849,0.6218153547510096,0.6331567679041693
6614,0.9997409409510908,0.6382098188774735,0.6331567679041693
6617,0.999885879333835,0.6002754256657454,0.6331567679041693
6626,0.9998962702279759,0.6002801015681088,0.6331567679041693
6651,0.9997585489439887,0.6382177424742775,0.6331567679041693
6675,0.9999983243189131,0.5773941425936162,0.6331567679041693
6679,0.9999108414528843,0.6002866586193176,0.6331567679041693
6713,0.9996101735674783,0.6201279816668716,0.6331567679041693
6728,0.999915413859489,0.6002887162022897,0.6331567679041693
6750,0.9999861949686303,0.5862560273997223,0.6331567679041693
6790,0.9999132001817559,0.6002877200473098,0.6331567679041693
6795,0.0001036886586211504,-0.0003256993755742848,0.6331567679041693
6816,0.9999154114815433,0.6002887151322142,0.6331567679041693
6823,0.9996966677059503,0.6381898959171602,0.6331567679041693
6827,0.9147038133492646,0.5620410118738035,0.6331567679041693
6829,0.9997292695697689,0.6382045667558787,0.6331567679041693
6837,0.9999855846792579,0.5955679529127728,0.6331567679041693
6891,0.9940576828663094,0.6673649011945255,0.6331567679041693
6898,0.999985586097504,0.5867295827897467,0.6331567679041693
6910,0.9995696607114312,0.6381327427696267,0.6331567679041693
6920,0.9999147757568551,0.6002884290561045,0.6331567679041693
6957,0.9994386686662742,0.638073796349306,0.6331567679041693
6967,0.9997018364755427,0.5859229891268297,0.6331567679041693
7012,0.9999861826536426,0.5862560218579778,0.6346757031277684
7014,0.9999145106712594,0.6002883097675864,0.6346757031277684
7037,0.9997552953197434,0.6382162783433672,0.6346757031277684
7064,2.4143318931713706e-05,-8.827449394025804e-05,0.6346757031277684
7084,0.9999979979001535,0.5773939957051744,0.6346757031277684
7097,0.9997393935031759,0.6382091225259118,0.6346757031277684
7112,0.9999983248156893,0.5773941428171654,0.6346757031277684
7157,0.9996297446334168,0.6206713930163972,0.6346757031277684
7166,0.9967821540525595,0.6685909132283381,0.6346757031277684
7173,0.6452117871791204,0.08189328138593234,0.6346757031277684
7184,0.04563637973164087,-0.044788409825675626,0.6346757031277684
7199,0.04706925091875341,-0.045668023790701985,0.6346757031277684
7211,0.9999398677875556,0.6160886293820508,0.6346757031277684
7214,0.9999983202418483,0.577394140758937,0.6346757031277684
7220,0.999915402354104,0.6002887110248665,0.6346757031277684
7237,0.999998324956334,0.5773941428804555,0.6346757031277684
7259,0.9996909123813592,0.6206989185029713,0.6346757031277684
7305,0.999915618000984,0.6002888080659625,0.6346757031277684
7319,0.9999398674356977,0.6160886292237148,0.6346757031277684
7372,0.9990447532529123,0.6204081468951702,0.6346757031277684
7423,0.9994956988220876,0.6206110724012991,0.6346757031277684
7432,0.9974958289669875,0.6689120669398306,0.6346757031277684
7437,0.9999983228802231,0.5773941419462056,0.6346757031277684
7459,4.989582606530516e-05,-0.00016962975189420326,0.6346757031277684
7466,0.9999983223981621,0.5773941417292782,0.6346757031277684
7478,4.927427485907697e-05,-0.00016773500281354786,0.6346757031277684
7512,0.9999983225108388,0.5773941417799827,0.6346757031277684
7603,0.9999980401390512,0.5773940147126784,0.6346757031277684
7652,0.999939714774703,0.6022050244686584,0.6346757031277684
7663,0.9676238200808395,0.5714878817492133,0.6346757031277684
7718,0.9996896491017568,0.6297248906706711,0.6346757031277684
7738,0.9959976381929339,0.6159559410065045,0.6346757031277684
7749,0.6452117871791204,0.08189328138593234,0.6346757031277684
7807,0.9999861841576432,0.586256022534778,0.6346757031277684
7875,0.9997065681541772,0.6381943511188625,0.6346757031277684
7910,0.04452829616228162,-0.04409677653639578,0.6346757031277684
7935,0.9999652637726316,0.6154564179530839,0.6346757031277684
7946,0.00010771463053065902,-0.00033689509646603794,0.6346757031277684
7981,0.9997337523978499,0.638206584028515,0.6346757031277684
7982,0.9999398614542934,0.6160886265320827,0.6346757031277684
7985,0.9999154000137875,0.600288709971724,0.6346757031277684
7994,0.999939873414512,0.6160886319141812,0.6346757031277684
8045,0.9999806196855626,0.5812800904094158,0.6357357289472114
8078,0.9999983249058626,0.5773941428577435,0.6357357289472114
8105,0.9999999873333338,0.6580351221833063,0.6357357289472114
8109,0.9997104626466373,0.6381961036404694,0.6357357289472114
8165,0.00015613528547802762,-0.00046784955461648907,0.6357357289472114
8180,0.9999999873333338,0.6580351221833063,0.6357357289472114
8191,0.9999983638648036,0.5689157257096465,0.6357357289472114
8235,0.9983035760620836,0.6375630046774202,0.6357357289472114
8262,0.9999981466978503,0.5773940626641378,0.6357357289472114
8299,0.999914514409454,0.600288311449774,0.6357357289472114
8349,0.9953186575754783,0.6187314038403249,0.6357357289472114
8356,0.9982096365153691,0.6290588850067965,0.6357357289472114
8359,0.9997558867701138,0.6382165444960338,0.6357357289472114
8362,0.9999153451902738,0.6002886853011429,0.6357357289472114
8370,3.34268316671947e-05,-0.00011837342523181237,0.6357357289472114
8392,0.9999852602828877,0.5927430597451507,0.6357357289472114
8394,0.9999861868934146,0.5862560237658752,0.6357357289472114
8395,0.9999983218983062,0.5773941415043431,0.6357357289472114
8405,0.9997259781142758,0.6382030856009068,0.6357357289472114
8420,0.9997091348458488,0.6381955061301147,0.6357357289472114
8450,0.9998275386677227,0.6002491723659948,0.6357357289472114
8453,0.044529777475248104,-0.04409770788446171,0.6357357289472114
8521,0.9999983234362373,0.577394142196412,0.6357357289472114
8533,7.376731161444605e-05,-0.0002405905124597402,0.6357357289472114
8535,0.9998455212209929,0.6032288486165681,0.6357357289472114
8553,0.9999398735689708,0.6160886319836877,0.6357357289472114
8560,0.9999151941744369,0.6002886173440163,0.6357357289472114
8622,0.9999398682110767,0.6160886295726353,0.6357357289472114
8626,0.9997426486396292,0.6382105873373158,0.6357357289472114
8634,0.9997487502891556,0.5859441003429555,0.6357357289472114
8646,0.9998783169296097,0.638271638067807,0.6357357289472114
8696,0.9999153646771868,0.6002886940702538,0.6357357289472114
8747,0.0004245319348185048,-0.0011219682272386854,0.6357357289472114
8795,0.999913403155012,0.6382874268692381,0.6357357289472114
8842,0.9966282575303369,0.6685216597933379,0.6357357289472114
8858,0.9999861950918738,0.5862560274551819,0.6357357289472114
8859,0.9999813686904206,0.5812804274616018,0.6357357289472114
8862,0.9999398422018191,0.6160886178684694,0.6357357289472114
8883,0.9999855831039357,0.6198967943064838,0.6357357289472114
8895,0.9999156645084045,0.6002888289943017,0.6357357289472114
8905,0.9999982771277963,0.5773941213576136,0.6357357289472114
8918,7.874069692069355e-05,-0.00025499516914061606,0.6357357289472114
8970,0.99976636262909,0.6031932272502117,0.6357357289472114
9018,0.9999855836338468,0.6198967945449438,0.6365012383238194
9099,0.9996297321945037,0.6206713874188863,0.6365012383238194
9107,3.0206049509939526e-05,-0.00010804950608467381,0.6365012383238194
9116,0.999629759192279,0.6206713995678852,0.6365012383238194
9122,0.9997390524715187,0.638208969061666,0.6365012383238194
9137,0.00011328561526798958,-0.00035229996207483867,0.6365012383238194
9158,0.9999886711344604,0.6218151791551486,0.6365012383238194
9159,0.9999088424361618,0.6002857590617925,0.6365012383238194
9173,0.9997011279683602,0.6201689111472684,0.6365012383238194
9199,0.9997106182459644,0.6381961736601666,0.6365012383238194
9241,0.9999398728042277,0.6160886316395532,0.6365012383238194
9263,9.485643118853343e-05,-0.0003009413017802379,0.6365012383238194
9277,0.9999999873333338,0.6580351221833063,0.6365012383238194
9330,0.0450700651197287,-0.04443619251591263,0.6365012383238194
9374,0.9999398641446665,0.6160886277427507,0.6365012383238194
9381,0.9999983223596582,0.5773941417119515,0.6365012383238194
9386,0.9997469206747892,0.6382125097531378,0.6365012383238194
9451,3.153487643587903e-06,-1.379884737781263e-05,0.6365012383238194
9464,0.9999150869038442,0.6002885690722496,0.6365012383238194
9479,0.9998015268355677,0.6032090511431267,0.6365012383238194
9480,0.9997318321466742,0.638205719915486,0.6365012383238194
9487,0.0001607563475684697,-0.00048003884713385613,0.6365012383238194
9510,0.9999983249581509,0.5773941428812731,0.6365012383238194
9521,0.9999999873333338,0.6580351221833063,0.6365012383238194
9549,0.9999825445364251,0.595566584848498,0.6365012383238194
9580,0.9997125188629078,0.6381970289377912,0.6365012383238194
9601,0.9999983213615017,0.577394141262781,0.6365012383238194
9606,0.9996475107897566,0.6206793877867501,0.6365012383238194
9611,0.9999983243581004,0.5773941426112504,0.6365012383238194
9619,0.9999154141288078,0.6002887163234831,0.6365012383238194
9643,0.9999817791052779,0.6198950825070877,0.6365012383238194
9691,0.9998885946563036,0.6002766475608563,0.6365012383238194
9716,0.9997581204416902,0.6382175496482433,0.6365012383238194
9740,0.0003033597103062602,-0.0008377715160209168,0.6365012383238194
9752,0.9999398672444771,0.6160886291376655,0.6365012383238194
9754,0.9998999269524845,0.6002817470941377,0.6365012383238194
9757,0.9999983250504716,0.5773941429228174,0.6365012383238194
9793,0.9999397266334129,0.602205029805078,0.6365012383238194
9798,0.9999999873333338,0.6580351221833063,0.6365012383238194
9815,0.9999587449282268,0.6198847171274148,0.6365012383238194
9830,0.9986724011962267,0.657437708421608,0.6365012383238194
9865,0.9968288886551278,0.6686119437994937,0.6365012383238194
9875,0.999914801739701,0.6002884407483852,0.6365012383238194
9904,0.9999999873333338,0.6580351221833063,0.6365012383238194
9907,0.9997010809734357,0.6381918818875287,0.6365012383238194
9915,0.9999154010386347,0.6002887104329053,0.6365012383238194
9934,0.9999855861141089,0.5812823253022615,0.6365012383238194
9938,0.00026785714048257255,-0.0007515117402705799,0.6365012383238194
9962,0.9997379338777295,0.638208465694461,0.6365012383238194
10005,0.9999983127914599,0.5773941374062622,0.6461344499665217
10070,0.9997542785180495,0.638215820782605,0.6461344499665217
10075,0.9999983220253775,0.5773941415615251,0.6461344499665217
10076,0.9996493346156692,0.6381685960265339,0.6461344499665217
10218,0.9987732729731075,0.637774368287381,0.6461344499665217
10229,5.9390394386014513e-05,-0.0001982513991654373,0.6461344499665217
10314,0.9999148064228275,0.6002884428557921,0.6461344499665217
10316,0.997486331130778,0.639495549106767,0.6461344499665217
10353,0.9987428643143855,0.629298837516354,0.6461344499665217
10359,0.9999398739415424,0.6160886321513449,0.6461344499665217
10371,0.9999398508855217,0.6160886217761355,0.6461344499665217
10372,0.9999258460404323,0.6002934106837142,0.6461344499665217
10373,0.9999398653368904,0.6160886282792514,0.6461344499665217
10382,0.9997598947605888,0.6382183480917476,0.6461344499665217
10399,0.9999398645982142,0.6160886279468472,0.6461344499665217
10401,0.9999353009835023,0.6022030382626181,0.6461344499665217
10403,0.999985583412006,0.6198967944451155,0.6461344499665217
10406,0.9999398495160794,0.6160886211598865,0.6461344499665217
10420,2.735040752586192e-05,-9.879472078169156e-05,0.6461344499665217
10459,0.9999857527714179,0.5955680285542448,0.6461344499665217
10488,0.9997541835839387,0.6382157780622552,0.6461344499665217
10535,0.999715152042297,0.6381982138685164,0.6461344499665217
10536,0.9999197634748433,0.6002906735291992,0.6461344499665217
10557,0.9999861824255902,0.5955682218986224,0.6461344499665217
10603,0.9993022407064075,0.6995974548208596,0.6461344499665217
10612,0.9999983250772331,0.5773941429348601,0.6461344499665217
10626,0.9997075306212385,0.63819478422904,0.6461344499665217
10653,0.9999861948466215,0.5862560273448183,0.6461344499665217
10685,0.999974081180657,0.6198916184410084,0.6461344499665217
10724,0.9999999873333338,0.6580351221833063,0.6461344499665217
10745,0.9253823255394686,0.6111407763099546,0.6461344499665217
10793,8.805848621764444e-05,-0.0002816888330947533,0.6461344499665217
10795,0.9998723387566096,0.600269332405994,0.6461344499665217
10864,0.9999886868021458,0.621815186205607,0.6461344499665217
10890,0.999998322420325,0.5773941417392515,0.6461344499665217
10915,0.9999844305004301,0.6198962756349062,0.6461344499665217
10941,0.9999861810175997,0.5955682212650267,0.6461344499665217
10949,0.9999983224000663,0.577394141730135,0.6461344499665217
10950,0.9999861871195292,0.5862560238676268,0.6461344499665217
10953,0.9997190746074747,0.629738132148244,0.6461344499665217
10975,0.9999999873333338,0.6580351221833063,0.6461344499665217
10976,0.9999156615547056,0.6002888276651371,0.6461344499665217
11011,0.9999983250545077,0.5773941429246338,0.6441427797085952
11054,0.9999983218771136,0.5773941414948064,0.6441427797085952
11074,0.9999981778442991,0.5773940766800398,0.6441427797085952
11152,0.9999440027195079,0.6022069540438207,0.6441427797085952
11154,0.9999983223495836,0.5773941417074179,0.6441427797085952
11155,0.00010193312292987399,-0.00032080027378713976,0.6441427797085952
11161,0.9999983248941596,0.5773941428524771,0.6441427797085952
11166,0.9997016317156556,0.6381921297215277,0.6441427797085952
11168,0.9996227478992469,0.6206682444860206,0.6441427797085952
11173,0.9996551131172223,0.6381711963522326,0.6441427797085952
11224,8.805848621764444e-05,-0.0002816888330947533,0.6441427797085952
11225,6.125802316580557e-05,-0.0002038153157949868,0.6441427797085952
11250,0.9999983000837965,0.5773941316878137,0.6441427797085952
11261,0.9996100259754539,0.6206625196203138,0.6441427797085952
11275,0.9999861954727487,0.5862560276265755,0.6441427797085952
11287,0.9999855766471949,0.5812823210421503,0.6441427797085952
11296,0.9999983222601415,0.577394141667169,0.6441427797085952
11318,0.9999999873333338,0.6580351221833063,0.6441427797085952
11344,0.9999855849618035,0.6198967951425243,0.6441427797085952
11349,0.007229080919589678,-0.011852893244901165,0.6441427797085952
11372,0.9994218213517998,0.6205778275396695,0.6441427797085952
11432,0.9999855361900779,0.6198967731952478,0.6441427797085952
11433,0.9997417733709139,0.6382101934663938,0.6441427797085952
11437,0.9997434906205035,0.6382109662287092,0.6441427797085952
11503,0.9997626654348001,0.6382195948951427,0.6441427797085952
11539,0.9999861920387139,0.5862560260812598,0.6441427797085952
11555,0.9999983238238638,0.577394142370844,0.6441427797085952
11556,0.9997558184774993,0.6382165137643573,0.6441427797085952
11567,0.9999756805016089,0.6198923381354366,0.6441427797085952
11603,0.00012007942696930324,-0.00037095552480417144,0.6441427797085952
11621,0.9999861484948608,0.586256006486526,0.6441427797085952
11658,0.9996301456862224,0.6206715734901597,0.6441427797085952
11666,0.99998617429938,0.5955682182418277,0.6441427797085952
11668,0.9999382144441984,0.6160878853775401,0.6441427797085952
11708,0.9999975005510316,0.5773937718980695,0.6441427797085952
11711,0.06955058172801137,-0.05759433086992603,0.6441427797085952
11728,0.9994663174696303,0.6586018243654382,0.6441427797085952
11731,0.9999983223385444,0.5773941417024502,0.6441427797085952
11732,0.9999999873333338,0.6580351221833063,0.6441427797085952
11743,5.185622544499667e-05,-0.00017558810005768367,0.6441427797085952
11748,0.999739557489965,0.6382091963199669,0.6441427797085952
11749,0.9999201156881201,0.6002908320251737,0.6441427797085952
11766,0.03506908048724833,-0.03774957293622928,0.6441427797085952
11769,4.541190957568365e-05,-0.0001558973532505389,0.6441427797085952
11791,0.9999861824486723,0.5955682219090094,0.6441427797085952
11804,0.9999983237566297,0.5773941423405886,0.6441427797085952
11855,0.9996142270684791,0.6206644101121752,0.6441427797085952
11869,0.9992004323676829,0.6151122438208569,0.6441427797085952
11916,0.9999983249151947,0.5773941428619429,0.6441427797085952
11917,0.9999861811736228,0.595568221335237,0.6441427797085952
11969,0.9999861814495833,0.5955682214594192,0.6441427797085952
11982,0.9999999873333338,0.6580351221833063,0.6441427797085952
12000,0.9999855533847143,0.6198967809328342,0.6483104824510085
12009,0.9996886883331655,0.629724458324805,0.6483104824510085
12020,0.9999861697062,0.5862560160316287,0.6483104824510085
12037,0.9997288925265212,0.6382043970864172,0.6483104824510085
12043,0.57757481029201,0.028373033777958058,0.6483104824510085
12055,0.9996312491835062,0.6206720700639374,0.6483104824510085
12132,0.9999861795206249,0.595568220591388,0.6483104824510085
12209,0.9999148102563974,0.6002884445808985,0.6483104824510085
12218,0.9981510264895112,0.5994947418857997,0.6483104824510085
12241,0.9999982951043865,0.5773941294470792,0.6483104824510085
12248,0.9996271987203149,0.6206702473555014,0.6483104824510085
12266,0.14105639235813242,-0.07963403178913919,0.6483104824510085
12283,0.9974546381405037,0.6688935310679129,0.6483104824510085
12302,0.9999983210896569,0.5773941411404508,0.6483104824510085
12322,0.999859807871284,0.6382633089915605,0.6483104824510085
12346,0.9999983188693728,0.5773941401413231,0.6483104824510085
12390,0.9999999873333338,0.6580351221833063,0.6483104824510085
12404,0.9999150365846169,0.6002885464285973,0.6483104824510085
12408,0.9980001664279642,0.6691390187972702,0.6483104824510085
12410,0.9999148141780121,0.6002884463456251,0.6483104824510085
12411,0.9999398406596552,0.6160886171744956,0.6483104824510085
12472,0.9999861791438308,0.5955682204218307,0.6483104824510085
12479,0.9999861818964477,0.5955682216605083,0.6483104824510085
12504,0.9999398508487121,0.6160886217595712,0.6483104824510085
12524,0.9996671490135938,0.6381766125055999,0.6483104824510085
12534,0.06998238788527994,-0.057793204525847686,0.6483104824510085
12603,0.9999855839426484,0.6198967946839045,0.6483104824510085
12619,8.17651456459285e-05,-0.0002637002546907859,0.6483104824510085
12623,0.9996769283202361,0.6297191663189867,0.6483104824510085
12687,0.9997441258973885,0.6382112521033075,0.6483104824510085
12712,0.9999855831227878,0.5812823239561671,0.6483104824510085
12731,0.9999153479235932,0.6002886865311365,0.6483104824510085
12739,0.9999983249226226,0.5773941428652855,0.6483104824510085
12742,0.9999981000509545,0.5773940416730348,0.6483104824510085
12745,0.9999398737757192,0.6160886320767244,0.6483104824510085
12798,0.0003515559276283089,-0.0009525470774451864,0.6483104824510085
12799,0.9999197392114271,0.6002906626106619,0.6483104824510085
12837,0.9999858504480501,0.5927433253194738,0.6483104824510085
12893,0.9997214364812355,0.6382010418660385,0.6483104824510085
12942,0.998993297179483,0.6173039875504517,0.6483104824510085
12943,0.9999856540870878,0.5862557840030281,0.6483104824510085
12951,0.9999153812279084,0.6002887015180784,0.6483104824510085
12960,0.9999895392869432,0.6218155698237658,0.6483104824510085
12993,0.0014673077276591792,-0.0032343731897438387,0.6483104824510085
13012,0.9997432160442803,0.6382108426694088,0.6452963304131741
13049,0.9999128625485416,0.6002875681123634,0.6452963304131741
13093,0.9999154047575374,0.6002887121064114,0.6452963304131741
13157,0.9999855851437055,0.58128232486558,0.6452963304131741
13169,0.9934493270601624,0.6670911410817594,0.6452963304131741
13204,0.9995415997144197,0.6206317278028485,0.6452963304131741
13226,0.9999861065347415,0.5862559876044723,0.6452963304131741
13241,0.9999861945801982,0.5862560272249279,0.6452963304131741
13254,0.9999008793206825,0.6002821756598268,0.6452963304131741
13270,0.9999146684944734,0.6002883807880327,0.6452963304131741
13323,0.9999983238887663,0.57739414240005,0.6452963304131741
13348,0.9997570383842161,0.6382170627223799,0.6452963304131741
13357,0.9996272024242202,0.6206702490222588,0.6452963304131741
13385,0.9999978967619011,0.5773939501929608,0.6452963304131741
13392,0.9999117183873116,0.6002870532398099,0.6452963304131741
13394,0.00020765548237339581,-0.0006012947082099367,0.6452963304131741
13444,0.9997448572695633,0.6382115812207861,0.6452963304131741
13478,0.9999839417072844,0.5862550134321166,0.6452963304131741
13490,0.0003280320041292662,-0.0008968401150679058,0.6452963304131741
13496,0.9999842422200366,0.581281720549929,0.6452963304131741
13567,0.9966160983533776,0.6685161881637062,0.6452963304131741
13576,0.9999153146377262,0.6002886715524964,0.6452963304131741
13580,4.6936878051929436e-05,-0.00016058453276004836,0.6452963304131741
13605,0.9996912193340804,0.6381874441498189,0.6452963304131741
13620,0.9999983250010311,0.5773941429005692,0.6452963304131741
13636,0.9997426401132363,0.638210583500439,0.6452963304131741
13679,0.982320029477585,0.5924683091315477,0.6452963304131741
13682,0.999916358037833,0.6002891410825445,0.6452963304131741
13712,2.2667413740367147e-05,-8.338358532424794e-05,0.6452963304131741
13736,0.9997272497520026,0.6382036578378838,0.6452963304131741
13744,0.9999983247850492,0.5773941428033774,0.6452963304131741
13767,0.999629746779225,0.6206713939820109,0.6452963304131741
13790,3.4963119580408784e-05,-0.0001232585172137677,0.6452963304131741
13810,0.014006156607950158,-0.019673511566635712,0.6452963304131741
13859,0.999936470934817,0.6160871007983184,0.6452963304131741
13900,0.00011587384329036958,-0.0003594236723703958,0.6452963304131741
13911,0.9996352634545509,0.6381622640040306,0.6452963304131741
13914,0.9962776667058904,0.668363893922337,0.6452963304131741
13921,0.9999870582131692,0.6218144533405676,0.6452963304131741
13957,0.9999999873333338,0.6580351221833063,0.6452963304131741
13962,0.999939784108585,0.6022050556689054,0.6452963304131741
13964,0.9999398235159793,0.6022050734022327,0.6452963304131741
13967,0.2883700290301954,-0.0811102015780262,0.6452963304131741
14012,0.9999983214812491,0.5773941413166673,0.6491179679442138
14074,0.9999855859638882,0.5867295827296197,0.6491179679442138
14107,0.9996291641299626,0.6206711317898428,0.6491179679442138
14118,8.364067273210962e-05,-0.0002690785075880486,0.6491179679442138
14129,0.9999861752766666,0.5955682186816068,0.6491179679442138
14136,0.9981471745520641,0.6146382778038285,0.6491179679442138
14141,0.9999983245531681,0.5773941426990309,0.6491179679442138
14162,0.9999861814225327,0.5955682214472465,0.6491179679442138
14204,0.9999855799411623,0.5812823225244356,0.6491179679442138
14229,0.9991953611703206,0.6204759204580038,0.6491179679442138
14253,0.9961174105542193,0.6137248840047984,0.6491179679442138
14259,0.9999983210838855,0.5773941411378537,0.6491179679442138
14301,0.9999972506851116,0.5773936594584055,0.6491179679442138
14312,0.9989208856397024,0.6203524064692257,0.6491179679442138
14340,0.9999857229612833,0.5812823868834901,0.6491179679442138
14413,0.9999855839699211,0.6198967946961772,0.6491179679442138
14425,0.9999983224201451,0.5773941417391706,0.6491179679442138
14432,0.9999139936858695,0.600288077124161,0.6491179679442138
14450,0.9999855859569723,0.5812823252315501,0.6491179679442138
14453,4.756197035087584e-05,-0.00016250073763104684,0.6491179679442138
14478,0.9999983222387352,0.5773941416575361,0.6491179679442138
14537,0.9996297214418034,0.6206713825801712,0.6491179679442138
14539,0.00020168019488732818,-0.0005860740074471074,0.6491179679442138
14549,0.9999861818377439,0.5955682216340915,0.6491179679442138
14560,0.999745458711114,0.6382118518694839,0.6491179679442138
14576,0.9999855722520559,0.5812823190643377,0.6491179679442138
14584,0.9999398499162139,0.616088621339947,0.6491179679442138
14626,0.9997331921110518,0.638206331899456,0.6491179679442138
14636,0.9999983210477386,0.5773941411215876,0.6491179679442138
14649,0.9999999873333338,0.6580351221833063,0.6491179679442138
14683,0.9999398334960587,0.6160886139508772,0.6491179679442138
14707,0.9999855842935825,0.6198967948418248,0.6491179679442138
14715,0.9994721549902237,0.6380888651950833,0.6491179679442138
14717,0.9999861945671089,0.5862560272190377,0.6491179679442138
14722,0.999891356952747,0.6002778905942558,0.6491179679442138
14808,0.9859259593025455,0.59409097755278,0.6491179679442138
14826,0.9997839623689335,0.6382291785155028,0.6491179679442138
14828,0.9999861870564253,0.5862560238392299,0.6491179679442138
14880,0.9997534206255143,0.6382154347309641,0.6491179679442138
14881,2.735040752586192e-05,-9.879472078169156e-05,0.6491179679442138
14908,0.9998759609473158,0.6032425464934134,0.6491179679442138
14911,0.9998786479257941,0.6032437556337286,0.6491179679442138
14924,0.9999846349327363,0.58625532538357,0.6491179679442138
14927,0.9991625000993705,0.6204611329760764,0.6491179679442138
14963,0.999914785834018,0.6002884335908278,0.6491179679442138
14975,0.999911646043975,0.6002870206853084,0.6491179679442138
14977,2.2667413740367147e-05,-8.338358532424794e-05,0.6491179679442138
14998,0.9999855857767534,0.5867295826454091,0.6491179679442138
15002,0.9923964915572738,0.6183986983454147,0.6458461331217948
15012,0.9999155067940872,0.600288758022859,0.6458461331217948
15031,0.9999153194001956,0.6002886736956077,0.6458461331217948
15054,0.9997734233247838,0.6021301933161948,0.6458461331217948
15059,0.999920214131921,0.5955385361664712,0.6458461331217948
15086,0.9997309568361024,0.6382053260257287,0.6458461331217948
15099,0.34785001636151736,-0.0701008930068081,0.6458461331217948
15101,0.9999153611695089,0.6002886924917986,0.6458461331217948
15110,0.9999398542133806,0.6160886232736721,0.6458461331217948
15117,3.669905386610138e-05,-0.00012874977545869235,0.6458461331217948
15121,0.9999886216421748,0.6218151568836201,0.6458461331217948
15125,0.9999156654214519,0.600288829405173,0.6458461331217948
15148,0.00010098170325809225,-0.00031814073159279477,0.6458461331217948
15169,0.0001048839367250716,-0.0003290289661059125,0.6458461331217948
15243,0.9999983251066075,0.5773941429480787,0.6458461331217948
15245,0.999989551157463,0.6218155751654998,0.6458461331217948
15246,0.9996972440272713,0.6381901552617547,0.6458461331217948
15264,0.9999196649909428,0.6002906292114439,0.6458461331217948
15280,0.999986194303823,0.5862560271005589,0.6458461331217948
15330,0.00010552868188763213,-0.0003308229783520426,0.6458461331217948
15340,1.821032960777343e-05,-6.839715139491359e-05,0.6458461331217948
15362,0.99972890365487,0.6382044020941742,0.6458461331217948
15386,0.0001685452342106477,-0.0005004785134070024,0.6458461331217948
15387,0.9999983227236424,0.5773941418757443,0.6458461331217948
15405,0.999734525504393,0.5859376991898124,0.6458461331217948
15427,0.9999898996974911,0.6218157320085124,0.6458461331217948
15436,0.9999836767661469,0.6198959364544788,0.6458461331217948
15448,0.9999197437429285,0.6002906646498375,0.6458461331217948
15454,0.9999861803512428,0.595568220965166,0.6458461331217948
15471,0.9999855835779063,0.5812823241609705,0.6458461331217948
15475,0.9998268961604478,0.6032204673393228,0.6458461331217948
15480,0.9839578509227664,0.6658604677043738,0.6458461331217948
15503,0.9999855864606063,0.5812823254581854,0.6458461331217948
15505,0.9999983219444405,0.5773941415251035,0.6458461331217948
15511,0.00012007942696930324,-0.00037095552480417144,0.6458461331217948
15531,0.9999861797491906,0.5955682206942425,0.6458461331217948
15535,0.9997004703403044,0.6381916071026196,0.6458461331217948
15548,0.9999855838910955,0.586729581796863,0.6458461331217948
15586,0.9999857096270948,0.6198968512419054,0.6458461331217948
15594,0.9999752632492674,0.5812776800130829,0.6458461331217948
15652,0.999679769535545,0.6297204448658758,0.6458461331217948
15661,0.9861778789852131,0.5942043414099804,0.6458461331217948
15726,0.9999861819534288,0.5955682216861498,0.6458461331217948
15735,0.9988695230674915,0.6172482892000555,0.6458461331217948
15771,0.9999983210678399,0.5773941411306333,0.6458461331217948
15781,0.9997527589386379,0.5859459042352226,0.6458461331217948
15791,0.9999983220638757,0.5773941415788494,0.6458461331217948
15794,0.9995922051668491,0.6206545002564418,0.6458461331217948
15818,0.9999151312041873,0.6002885890074039,0.6458461331217948
15819,0.9999398281156909,0.6160886115297116,0.6458461331217948
15859,0.9478676434334738,0.5973784474764229,0.6458461331217948
15881,6.179317025362829e-05,-0.00020540585349593859,0.6458461331217948
15927,0.999755833893183,0.638216520701415,0.6458461331217948
15928,0.0001016466417310307,-0.0003199997928634809,0.6458461331217948
15954,0.9998631552964324,0.6002651998489142,0.6458461331217948
15956,0.999914800509269,0.6002884401946907,0.6458461331217948
15981,0.9999861812186452,0.5955682213554971,0.6458461331217948
16013,0.9995971062842064,0.6206567057592526,0.6435536138135086
16016,0.02353082012555914,-0.028696971577923273,0.6435536138135086
16042,0.9999983217681552,0.577394141445775,0.6435536138135086
16067,0.999601030565302,0.6206584716857456,0.6435536138135086
16112,0.9999861912714727,0.592743478690014,0.6435536138135086
16115,0.9996271993608177,0.6206702476437276,0.6435536138135086
16139,0.581408685514208,0.031174587323291793,0.6435536138135086
16140,4.329549309949292e-06,-1.8459945676658615e-05,0.6435536138135086
16159,0.9245852876142061,0.5682955322464348,0.6435536138135086
16205,0.9998958328300646,0.6382795202230117,0.6435536138135086
16206,0.9998697003827536,0.5955158049793459,0.6435536138135086
16263,0.9999983249713108,0.5773941428871951,0.6435536138135086
16265,0.9999999873333338,0.6580351221833063,0.6435536138135086
16298,0.9999398639312812,0.6160886276467273,0.6435536138135086
16314,0.9999983248547781,0.5773941428347554,0.6435536138135086
16376,0.9999839503931227,0.6198960595866179,0.6435536138135086
16392,0.9999139202044013,0.6021934169120227,0.6435536138135086
16420,0.9999983232683558,0.5773941421208654,0.6435536138135086
16457,0.9999155854974526,0.6002887934393734,0.6435536138135086
16476,0.9999853157269891,0.5862556317409837,0.6435536138135086
16492,0.9996562346926993,0.6381717010611972,0.6435536138135086
16496,0.9997484478097072,0.6382131969638508,0.6435536138135086
16547,0.999836750709092,0.6160422266967421,0.6435536138135086
16564,0.9999398676667622,0.6160886293276938,0.6435536138135086
16581,0.999669503642577,0.6297158252140401,0.6435536138135086
16595,0.999632491373992,0.638161016567779,0.6435536138135086
16605,0.9995778089229788,0.6206480219467,0.6435536138135086
16653,0.9999377359610837,0.6022041340025298,0.6435536138135086
16664,0.9999147787820207,0.600288430417429,0.6435536138135086
16677,0.9999983217111981,0.5773941414201444,0.6435536138135086
16742,0.9999983243276629,0.5773941425975536,0.6435536138135086
16757,0.9999855828941436,0.6198967942120773,0.6435536138135086
16758,0.9999113572196336,0.6002868907143548,0.6435536138135086
16771,0.999985877249028,0.5867297138079326,0.6435536138135086
16817,0.9999983097520091,0.5773941360385093,0.6435536138135086
16820,0.9999196076376295,0.600290603402453,0.6435536138135086
16844,4.541190957568365e-05,-0.0001558973532505389,0.6435536138135086
16855,0.0015682217461070191,-0.003419920575909746,0.6435536138135086
16898,0.999915412278957,0.6002887154910503,0.6435536138135086
16919,0.9998169276931185,0.6032159815290247,0.6435536138135086
16922,0.9999845055779453,0.586255267173914,0.6435536138135086
16924,0.9999983224614024,0.5773941417577364,0.6435536138135086
16926,0.999915407885487,0.6002887135139888,0.6435536138135086
16930,0.9999983222984514,0.5773941416844084,0.6435536138135086
16968,0.9999983210860737,0.5773941411388385,0.6435536138135086
16981,0.9999860334623951,0.5927434076759291,0.6435536138135086
16989,0.9999999873333338,0.6580351221833063,0.6435536138135086
16994,0.9999999873333338,0.6580351221833063,0.6435536138135086
17008,2.5650535673140417e-05,-9.323624394534277e-05,0.6478980663244479
17035,4.989582606530516e-05,-0.00016962975189420326,0.6478980663244479
17049,0.9999895690362559,0.6218155832109565,0.6478980663244479
17072,0.9999397747858215,0.6022050514736618,0.6478980663244479
17118,0.9997475180450631,0.638212778569761,0.6478980663244479
17132,0.9111928628855155,0.5604610841651164,0.6478980663244479
17141,0.9999861818979721,0.5955682216611943,0.6478980663244479
17189,0.9999983633689132,0.5689157254864958,0.6478980663244479
17228,0.9997543103116578,0.6382158350897287,0.6478980663244479
17251,0.41594355714272996,-0.050727147508946274,0.6478980663244479
17263,0.9999983206490897,0.5773941409421957,0.6478980663244479
17275,0.9999398473371104,0.6160886201793504,0.6478980663244479
17284,0.999998321827981,0.5773941414726967,0.6478980663244479
17303,0.9998449948668818,0.6198335295998095,0.6478980663244479
17350,0.9992085505889007,0.6214641249096468,0.6478980663244479
17354,0.992871914439364,0.6351187569471964,0.6478980663244479
17355,0.9999999873333338,0.6580351221833063,0.6478980663244479
17358,0.9999864326625448,0.5862561343619838,0.6478980663244479
17368,0.999917878611542,0.6002898253407136,0.6478980663244479
17375,0.9999154053936264,0.6002887123926516,0.6478980663244479
17394,0.9997656156811366,0.6031928911236327,0.6478980663244479
17395,5.4950339355691626e-05,-0.0001849392704408755,0.6478980663244479
17398,0.9999861834180798,0.5862560222019745,0.6478980663244479
17436,0.999985584230068,0.6198967948132433,0.6478980663244479
17448,0.249848508326434,-0.08502322095719933,0.6478980663244479
17451,0.9999151449593033,0.6002885951972061,0.6478980663244479
17461,8.509815588300253e-05,-0.0002732476965392521,0.6478980663244479
17462,0.9999855843364673,0.619896794861123,0.6478980663244479
17477,0.9999983219407504,0.5773941415234429,0.6478980663244479
17512,0.0002045684565747995,-0.0005934389065555864,0.6478980663244479
17532,0.9999856987669915,0.595568004252253,0.6478980663244479
17577,0.9999983207962623,0.5773941410084232,0.6478980663244479
17590,0.8843816372837304,0.734036742891578,0.6478980663244479
17612,0.9999983196591865,0.5773941404967392,0.6478980663244479
17628,0.9999983204403614,0.5773941408482679,0.6478980663244479
17665,0.9995235248060699,0.6206235940940911,0.6478980663244479
17666,0.9999861044690765,0.5862559866749231,0.6478980663244479
17693,0.9999398647474759,0.6160886280140149,0.6478980663244479
17696,0.9999983211998922,0.5773941411900567,0.6478980663244479
17741,0.9996324394785188,0.6381609932148161,0.6478980663244479
17775,0.9999983250333038,0.577394142915092,0.6478980663244479
17791,0.9995522575595069,0.5953729557088848,0.6478980663244479
17800,0.9999983224322418,0.5773941417446141,0.6478980663244479
17834,0.9493255946304411,0.5970997994934112,0.6478980663244479
17848,4.756197035087584e-05,-0.00016250073763104684,0.6478980663244479
17891,0.9999999873333338,0.6580351221833063,0.6478980663244479
17922,0.9999855859161939,0.5867295827081573,0.6478980663244479
17923,0.9997243676939122,0.6382023609117432,0.6478980663244479
17924,0.9999669206041293,0.6154571635272579,0.6478980663244479
17944,0.9999293109108914,0.6002949698754209,0.6478980663244479
18011,0.9997525625816374,0.6382150486112195,0.6449933969540321
18021,0.9999983211962753,0.5773941411884291,0.6449933969540321
18104,0.9999983221829003,0.5773941416324104,0.6449933969540321
18113,0.9300595177706134,0.7235145735284362,0.6449933969540321
18165,0.999986180993553,0.5955682212542056,0.6449933969540321
18177,0.9999154149877578,0.6002887167100107,0.6449933969540321
18209,0.9999999873333338,0.6580351221833063,0.6449933969540321
18256,0.9999861758733721,0.5955682189501242,0.6449933969540321
18258,0.9999854837548215,0.5862557073535083,0.6449933969540321
18263,0.9997227691692656,0.6382016415756522,0.6449933969540321
18274,0.9999398641094613,0.6160886277269083,0.6449933969540321
18297,0.9998133908142242,0.602148178686443,0.6449933969540321
18299,0.9999398681065129,0.6160886295255815,0.6449933969540321
18315,0.9996632972588684,0.6381748792159735,0.6449933969540321
18322,0.9999147129797555,0.6002884008064097,0.6449933969540321
18330,0.9999832176834836,0.5955668877646744,0.6449933969540321
18352,0.9999983244166494,0.5773941426375975,0.6449933969540321
18378,0.954055867573712,0.6524045751972992,0.6449933969540321
18386,0.9999983222551436,0.5773941416649199,0.6449933969540321
18398,0.9999398706374033,0.6160886306644823,0.6449933969540321
18401,0.9999983227586137,0.5773941418914814,0.6449933969540321
18405,0.0976736872559807,-0.06864500371158494,0.6449933969540321
18414,0.9991954297915057,0.6204759513375372,0.6449933969540321
18547,0.999985580113485,0.5867295800969383,0.6449933969540321
18563,0.9999861675115496,0.5862560150440359,0.6449933969540321
18580,0.9999153590247506,0.6002886915266574,0.6449933969540321
18598,8.505979731588287e-05,-0.0002731380840495552,0.6449933969540321
18606,0.9999364761862373,0.6160871031614575,0.6449933969540321
18614,0.9997220149344246,0.6382013021699737,0.6449933969540321
18659,0.9996099134022464,0.6381508564804935,0.6449933969540321
18670,0.824325086107244,0.5364183380036596,0.6449933969540321
18671,0.9999149408162441,0.6002885033328295,0.6449933969540321
18678,0.9999861818888202,0.5955682216570758,0.6449933969540321
18737,0.9999398662721504,0.6160886287001185,0.6449933969540321
18764,0.9993693341682109,0.6205542083070545,0.6449933969540321
18782,0.9999861931716312,0.5862560265910727,0.6449933969540321
18790,0.9999861951292771,0.5862560274720133,0.6449933969540321
18796,0.999674730072111,0.6201570320939562,0.6449933969540321
18807,0.9999983212686254,0.5773941412209868,0.6449933969540321
18835,0.9999861572173065,0.5862560104116266,0.6449933969540321
18838,0.9999861957502855,0.5862560277514671,0.6449933969540321
18839,0.9999398667623556,0.6160886289207108,0.6449933969540321
18847,0.9997027012802153,0.6381926110255796,0.6449933969540321
18861,0.9999861805019726,0.5955682210329944,0.6449933969540321
18862,0.9999999873333338,0.6580351221833063,0.6449933969540321
18891,0.9999797862578349,0.5955653436231324,0.6449933969540321
18901,0.9994118593025308,0.7205341923299331,0.6449933969540321
18924,0.9788065742188434,0.590887254265114,0.6449933969540321
18936,0.9999163710901412,0.6002891469560832,0.6449933969540321
19002,0.9999183061016443,0.6002900177112597,0.6489059145228144
19004,0.9999983247764569,0.5773941427995108,0.6489059145228144
19027,0.9999154145758965,0.6002887165246731,0.6489059145228144
19041,0.9999861818969623,0.5955682216607397,0.6489059145228144
19064,0.9999147857599116,0.6002884335574799,0.6489059145228144
19075,0.9999983205745597,0.5773941409086571,0.6489059145228144
19079,0.09193456676184385,-0.06667889918278974,0.6489059145228144
19082,0.9999861941524292,0.5862560270324317,0.6489059145228144
19107,0.9999127735394057,0.6002875280582523,0.6489059145228144
19112,0.9999855832296414,0.6198967943630513,0.6489059145228144
19119,0.9996352604402221,0.6206738751294596,0.6489059145228144
19137,0.999986179989092,0.58625602065893,0.6489059145228144
19154,0.00011408113944399763,-0.0003544917265199548,0.6489059145228144
19160,0.9999154135713205,0.6002887160726139,0.6489059145228144
19178,0.9999398651963495,0.616088628216008,0.6489059145228144
19181,0.9999853951457391,0.5955678676226893,0.6489059145228144
19182,0.9999205486168721,0.6002910268431121,0.6489059145228144
19210,0.9996297209886386,0.620671382376247,0.6489059145228144
19216,0.9999983250438903,0.5773941429198559,0.6489059145228144
19221,0.9982376161858643,0.7200057829274331,0.6489059145228144
19228,0.00010552868188763213,-0.0003308229783520426,0.6489059145228144
19240,0.9966098764960692,0.6162314482429154,0.6489059145228144
19287,0.9999363310456897,0.6160870378482112,0.6489059145228144
19296,0.9983278377999861,0.5886698045097861,0.6489059145228144
19300,0.9999398697194317,0.616088630251395,0.6489059145228144
19325,0.9997512463802889,0.6382144563206127,0.6489059145228144
19359,0.999998311424521,0.5773941367911397,0.6489059145228144
19363,0.999766130884639,0.6382211543475702,0.6489059145228144
19459,0.9999153730662411,0.6002886978453281,0.6489059145228144
19465,0.9999398608934738,0.616088626279714,0.6489059145228144
19477,0.999939805492409,0.6022050652916261,0.6489059145228144
19491,0.9999398641974413,0.6160886277664993,0.6489059145228144
19492,0.9999398663202174,0.6160886287217485,0.6489059145228144
19555,0.9997561061347601,0.6297547963355224,0.6489059145228144
19615,0.9999983221964512,0.5773941416385083,0.6489059145228144
19623,0.9999983245350046,0.5773941426908573,0.6489059145228144
19652,0.9999398560283611,0.6160886240904132,0.6489059145228144
19662,0.00012007942696930324,-0.00037095552480417144,0.6489059145228144
19732,0.9999983637104757,0.568915725640199,0.6489059145228144
19735,0.9999855842402802,0.6198967948178388,0.6489059145228144
19741,5.185622544499667e-05,-0.00017558810005768367,0.6489059145228144
19769,0.999698696616308,0.6381908089268212,0.6489059145228144
19784,0.9999983220520686,0.5773941415735362,0.6489059145228144
19803,0.999758917194059,0.6382179081868092,0.6489059145228144
19804,0.9998847004984,0.6382745106737626,0.6489059145228144
19843,0.9999398687101843,0.6160886297972337,0.6489059145228144
19857,3.323252442082913e-05,-0.0001177538119059838,0.6489059145228144
19870,0.9999154120269539,0.6002887153776489,0.6489059145228144
19886,0.9997382014657259,0.6382085861090593,0.6489059145228144
19887,0.9997524543714685,0.6382149999166434,0.6489059145228144
19898,0.9997279348458558,0.6382039661301178,0.6489059145228144
19955,0.9999360088011036,0.6160868928381474,0.6489059145228144
19957,0.9999983248801925,0.5773941428461918,0.6489059145228144
19990,0.9999983213836843,0.5773941412727632,0.6489059145228144
20009,0.9999983247919091,0.5773941428064644,0.6456995126220129
20015,3.4963119580408784e-05,-0.0001232585172137677,0.6456995126220129
20050,0.9997696835917796,0.6400610257229149,0.6456995126220129
20062,0.527415864757741,-0.004494172512169364,0.6456995126220129
20078,0.9994687025935722,0.6000876961326271,0.6456995126220129
20112,0.9999983224359291,0.5773941417462733,0.6456995126220129
20161,0.9999835209858878,0.5867286534895195,0.6456995126220129
20164,0.9999983220247671,0.5773941415612505,0.6456995126220129
20195,0.9999983249249936,0.5773941428663524,0.6456995126220129
20212,0.9996822676398545,0.6381834158874172,0.6456995126220129
20229,0.9999899445311794,0.6218157521836721,0.6456995126220129
20268,0.9999107954322808,0.600286637910046,0.6456995126220129
20275,0.999936888673923,0.6160872887809162,0.6456995126220129
20295,0.9996166897248889,0.6381539058256827,0.6456995126220129
20345,0.999939854795593,0.6160886235356676,0.6456995126220129
20361,0.9999861888872348,0.5862560246630942,0.6456995126220129
20377,0.9999398678322353,0.6160886294021567,0.6456995126220129
20427,0.9997174073216542,0.638199228744227,0.6456995126220129
20435,0.9997323695319823,0.6382059617388747,0.6456995126220129
20436,0.9999398570702096,0.6160886245592451,0.6456995126220129
20449,0.9999855681437628,0.6198967875744059,0.6456995126220129
20486,0.9999855812209271,0.61989679345913,0.6456995126220129
20492,9.640155114296186e-05,-0.0003052927569531025,0.6456995126220129
20523,0.9996297212298033,0.620671382484771,0.6456995126220129
20529,0.9999829055877093,0.5862545471783077,0.6456995126220129
20531,0.9997590350052181,0.6382179612018308,0.6456995126220129
20533,0.9999855835994557,0.6198967945294678,0.6456995126220129
20550,0.9999398689979354,0.6160886299267218,0.6456995126220129
20555,0.999939794292933,0.6022050602518619,0.6456995126220129
20567,0.9999153595797168,0.6002886917763922,0.6456995126220129
20579,0.9996158329972721,0.6020592776688146,0.6456995126220129
20587,0.9999472766599583,0.595550714304088,0.6456995126220129
20595,0.9999156624313921,0.6002888280596461,0.6456995126220129
20616,0.9997497449508662,0.6382137806773724,0.6456995126220129
20664,0.9996673676822923,0.629714864031912,0.6456995126220129
20665,0.9999983206424632,0.5773941409392137,0.6456995126220129
20670,0.9999855869246096,0.615465563371474,0.6456995126220129
20684,0.9999172221696988,0.6002895299418841,0.6456995126220129
20688,0.9994746992276433,0.6206016225837991,0.6456995126220129
20703,0.9998530474332217,0.6382602667944325,0.6456995126220129
20718,0.9999861794426119,0.5955682205562821,0.6456995126220129
20745,0.9997487669640355,0.5859441078466515,0.6456995126220129
20749,0.9999398101577176,0.602205067391015,0.6456995126220129
20753,0.9999983049594231,0.5773941338818457,0.6456995126220129
20773,0.9992331470348524,0.6204929240970433,0.6456995126220129
20799,0.9999983229187354,0.5773941419635362,0.6456995126220129
20802,0.9999983223464167,0.5773941417059928,0.6456995126220129
20806,0.9998847107749215,0.6382745152981973,0.6456995126220129
20809,0.9942218805780406,0.5834570089729538,0.6456995126220129
20841,0.00022588398620703416,-0.0006473591779944655,0.6456995126220129
20850,0.9997388842630934,0.6382088933678748,0.6456995126220129
20859,0.9998264639665018,0.699833355287902,0.6456995126220129
20872,0.9999855801854257,0.5812823226343541,0.6456995126220129
20893,0.9999983220501815,0.5773941415726869,0.6456995126220129
20901,0.0001607563475684697,-0.00048003884713385613,0.6456995126220129
20902,0.9998846877606224,0.6032464735594013,0.6456995126220129
20904,0.9999999873333338,0.6580351221833063,0.6456995126220129
20906,0.999669634315423,0.6206893433733,0.6456995126220129
20939,0.0009656552219966117,-0.002271471764733624,0.6456995126220129
20983,0.9999274467190278,0.6002941309890821,0.6456995126220129
20999,0.9993740432237882,0.6295828680255852,0.6456995126220129
21000,4.365809988011545e-05,-0.0001504843796097026,0.6434720134248682
21018,0.9999156189863438,0.6002888085093744,0.6434720134248682
21033,0.9995370014079268,0.6206296585649267,0.6434720134248682
21058,7.369174364804592e-05,-0.00024037074672345743,0.6434720134248682
21075,0.9999861668259326,0.5862560147355083,0.6434720134248682
21103,0.9999853336880682,0.5812822117105433,0.6434720134248682
21123,0.9999983211765902,0.5773941411795709,0.6434720134248682
21139,0.9999833369542839,0.5955669414365345,0.6434720134248682
21165,0.0001377719062309669,-0.0004189184122581068,0.6434720134248682
21246,4.927427485907697e-05,-0.00016773500281354786,0.6434720134248682
21247,6.446359531794137e-05,-0.00021331855049535348,0.6434720134248682
21264,0.9997620277441217,0.6382193079343375,0.6434720134248682
21283,0.9999983219049973,0.577394141507354,0.6434720134248682
21375,0.9999156063312963,0.600288802814603,0.6434720134248682
21394,0.9999363438719033,0.6160870436200073,0.6434720134248682
21397,0.9876811343384633,0.6391752402695021,0.6434720134248682
21402,0.9996271967706626,0.6206702464781578,0.6434720134248682
21403,0.9999153971769211,0.6002887086951342,0.6434720134248682
21417,0.9997405001961349,0.6382096205377433,0.6434720134248682
21427,0.9999999873333338,0.6580351221833063,0.6434720134248682
21448,0.9995654378678,0.6296689956153905,0.6434720134248682
21487,0.9999363515185129,0.6160870470609816,0.6434720134248682
21564,0.9999154109795717,0.600288714906327,0.6434720134248682
21570,0.999998321756829,0.5773941414406784,0.6434720134248682
21575,0.9997365595626672,0.6382078472526829,0.6434720134248682
21588,0.999968225042022,0.6198889831786226,0.6434720134248682
21595,0.999930890198712,0.5955433403965272,0.6434720134248682
21644,0.9999848590173281,0.5927428791756489,0.6434720134248682
21660,0.9999641352093602,0.6198871427539248,0.6434720134248682
21685,0.9999153848843465,0.6002887031634756,0.6434720134248682
21703,0.9999999816661576,0.6580351196330769,0.6434720134248682
21714,0.9999999873333338,0.6580351221833063,0.6434720134248682
21717,0.9999855759214697,0.581282320715574,0.6434720134248682
21725,0.9999739597103806,0.6218085590143126,0.6434720134248682
21749,0.9999153114482267,0.6002886701172216,0.6434720134248682
21804,0.9999855842324193,0.6198967948143015,0.6434720134248682
21805,0.47272624725671364,-0.029383448185909142,0.6434720134248682
21806,0.9999398503455282,0.6160886215331385,0.6434720134248682
21833,0.9995054645291657,0.6381038544876072,0.6434720134248682
21838,0.9996887952119524,0.6206979657767382,0.6434720134248682
21857,0.999998322763156,0.5773941418935254,0.6434720134248682
21872,0.00039277098335574657,-0.0010488268627771523,0.6434720134248682
21873,0.9999861824283718,0.595568221899874,0.6434720134248682
21891,0.9997199265645971,0.6382003624035514,0.6434720134248682
21898,0.9816323398680067,0.7116985051276531,0.6434720134248682
21903,0.9986946846345113,0.6292771566604105,0.6434720134248682
21909,0.9999983211983594,0.577394141189367,0.6434720134248682
21934,0.99993974055432,0.602205036069486,0.6434720134248682
21945,0.9999290362467628,0.6160837551886941,0.6434720134248682
21947,0.9997114551120982,0.6381965502499268,0.6434720134248682
21953,0.9999861774656273,0.5955682196666391,0.6434720134248682
21973,6.446359531794137e-05,-0.00021331855049535348,0.6434720134248682
21978,0.9999382053692432,0.6160878812938102,0.6434720134248682
21986,0.9917081588361785,0.5966929673429148,0.6434720134248682
21988,0.9999983214333512,0.5773941412951134,0.6434720134248682
21998,0.9999841845262692,0.5955673228439279,0.6434720134248682
22006,0.999734646217183,0.638206986247215,0.6478409452873308
22017,0.999986189994685,0.5862560251614469,0.6478409452873308
22046,0.9999983221741449,0.5773941416284705,0.6478409452873308
22050,0.0006380697961936498,-0.0015943941554269635,0.6478409452873308
22058,0.9999398276853361,0.6022050752784434,0.6478409452873308
22066,0.9999147890148854,0.6002884350222181,0.6478409452873308
22084,0.9996998965035756,0.6381913488760916,0.6478409452873308
22102,0.9999363834720165,0.6160870614400582,0.6478409452873308
22106,0.9999855652446042,0.5812823159109844,0.6478409452873308
22117,0.999870550950585,0.6032401119948846,0.6478409452873308
22156,0.9999856045035153,0.5955679618336887,0.6478409452873308
22168,0.9999398300113028,0.616088612382737,0.6478409452873308
22177,0.9999150735625423,0.6002885630686637,0.6478409452873308
22230,0.00019203790425445806,-0.0005613796157425688,0.6478409452873308
22249,0.9996235762398465,0.6206686172392906,0.6478409452873308
22263,0.9996297449845973,0.6206713931744284,0.6478409452873308
22292,0.9999855712463965,0.5812823186117909,0.6478409452873308
22327,0.999669632831527,0.6206893427055468,0.6478409452873308
22369,0.5679657401898822,0.01670005095400519,0.6478409452873308
22404,0.024485787853732763,-0.02951309926203568,0.6478409452873308
22431,0.999986194334122,0.5862560271141936,0.6478409452873308
22439,0.9999987470281225,0.616115125040306,0.6478409452873308
22452,0.9999855859737319,0.5812823252390918,0.6478409452873308
22505,0.9996389662919153,0.6381639302808445,0.6478409452873308
22526,0.00013322217911189926,-0.00040666561399753485,0.6478409452873308
22528,0.9965929351057848,0.6162238246172874,0.6478409452873308
22566,0.9999861728505703,0.5955682175898634,0.6478409452873308
22575,0.9997295878100916,0.5859354772273768,0.6478409452873308
22578,0.9999983247944264,0.5773941428075972,0.6478409452873308
22616,0.9999379656399272,0.616087773415618,0.6478409452873308
22631,0.9999983223675165,0.5773941417154876,0.6478409452873308
22634,0.9999855532258057,0.6198967808613254,0.6478409452873308
22667,0.9927531515092547,0.586161195678957,0.6478409452873308
22674,0.9999861902552681,0.592743478232722,0.6478409452873308
22695,0.9984011575553522,0.6693194648045948,0.6478409452873308
22711,0.9999983065767217,0.5773941346096301,0.6478409452873308
22719,0.9999983202422955,0.5773941407591382,0.6478409452873308
22722,0.9999999873333338,0.6580351221833063,0.6478409452873308
22727,0.00040217954474030545,-0.0010705850578116472,0.6478409452873308
22729,6.90414476428912e-05,-0.0002267929833553602,0.6478409452873308
22736,0.9999139800495905,0.6002880709878354,0.6478409452873308
22749,0.9999154049002992,0.6002887121706543,0.6478409452873308
22766,0.9999983223536169,0.5773941417092329,0.6478409452873308
22797,0.9999153809899068,0.6002887014109778,0.6478409452873308
22880,0.9997517282211144,0.6382146731489841,0.6478409452873308
22908,0.9999755984247412,0.6198923012008463,0.6478409452873308
22964,0.9999398724649237,0.6160886314868664,0.6478409452873308
23007,0.9992609026899845,0.6995788527134692,0.6449507575752961
23027,0.9996271953250496,0.620670245827632,0.6449507575752961
23036,0.999741544945127,0.6382100906747898,0.6449507575752961
23091,0.9999856556108616,0.5862557846887263,0.6449507575752961
23092,0.9999983249528548,0.5773941428788899,0.6449507575752961
23094,0.9999855811938793,0.5812823230881582,0.6449507575752961
23101,0.9999398563310328,0.6160886242266156,0.6449507575752961
23113,0.9999154031712575,0.6002887113925856,0.6449507575752961
23158,0.9995571092279681,0.6381270946020684,0.6449507575752961
23187,0.999627200588192,0.620670248196046,0.6449507575752961
23236,0.9997637349677218,0.6382200761849575,0.6449507575752961
23255,0.9999857581660418,0.6198968730844315,0.6449507575752961
23259,0.635828391442383,0.07394077252122587,0.6449507575752961
23267,0.0007977182207934846,-0.0019303332191444834,0.6449507575752961
23287,2.965591031117347e-06,-1.3041055315314687e-05,0.6449507575752961
23298,0.9999846550528085,0.6198963766834766,0.6449507575752961
23307,0.9999861824565276,0.5955682219125442,0.6449507575752961
23335,0.9997519805312404,0.6382147866885408,0.6449507575752961
23354,0.9999861774042362,0.5955682196390131,0.6449507575752961
23370,0.9996835743274338,0.6297221570222257,0.6449507575752961
23384,0.9996991267170534,0.6381910024721568,0.6449507575752961
23385,0.9999155767321282,0.6002887894949773,0.6449507575752961
23387,6.420374451641038e-05,-0.0002125503343966737,0.6449507575752961
23460,0.27966607965973345,-0.08222581205393337,0.6449507575752961
23464,0.9999823545217171,0.6154641087901724,0.6449507575752961
23479,0.9997089251793007,0.6381954117801679,0.6449507575752961
23488,0.08787264185526511,-0.06520351033810697,0.6449507575752961
23490,0.9859124530694114,0.601048793613737,0.6449507575752961
23491,0.9980198027779129,0.6691478551547471,0.6449507575752961
23565,0.9999056485594349,0.6002843218172653,0.6449507575752961
23578,0.9999861949251716,0.5862560273801659,0.6449507575752961
23591,0.999752056687221,0.638214820958732,0.6449507575752961
23626,0.999915355661197,0.6002886900130583,0.6449507575752961
23635,0.6278994562282938,0.06735572163581881,0.6449507575752961
23639,0.9984358315554174,0.5887184016997302,0.6449507575752961
23640,0.9997120604746225,0.5859275899264157,0.6449507575752961
23642,0.9999855557889855,0.581282311655956,0.6449507575752961
23655,0.9999861820276055,0.5955682217195292,0.6449507575752961
23667,0.9999148054711894,0.6002884424275549,0.6449507575752961
23674,1.1056486690511442e-05,-4.347765983528953e-05,0.6449507575752961
23683,0.9997027409540256,0.6381926288787941,0.6449507575752961
23698,0.999547187818439,0.6404229346162145,0.6449507575752961
23707,0.9999999873333338,0.6580351221833063,0.6449507575752961
23723,0.9999983637868479,0.5689157256745664,0.6449507575752961
23736,0.9997343886603257,0.6382068703466292,0.6449507575752961
23755,0.9999115798121337,0.6002869908809798,0.6449507575752961
23784,0.9999364528826844,0.6160870926748588,0.6449507575752961
23787,0.9999861879891254,0.5862560242589451,0.6449507575752961
23791,0.00021196110801499743,-0.0006122245345857283,0.6449507575752961
23810,0.9999983217843949,0.577394141453083,0.6449507575752961
23838,0.9999960714761926,0.5689146941347716,0.6449507575752961
23839,0.9999398660962312,0.6160886286209548,0.6449507575752961
23845,0.996617069616347,0.6685166252320425,0.6449507575752961
23860,0.9999999873333338,0.6580351221833063,0.6449507575752961
23884,0.9999397649887196,0.6022050470649659,0.6449507575752961
23928,0.9999398604428819,0.6160886260769476,0.6449507575752961
23962,0.9999855157570947,0.6198967640004054,0.6449507575752961
23986,0.9999861285119913,0.5955681976375028,0.6449507575752961
23991,0.9999861742978302,0.5955682182411304,0.6449507575752961
24010,0.9967999057154626,0.6685989014766445,0.6488760669576992
24018,0.9999154126843138,0.6002887156734609,0.6488760669576992
24027,0.9999983249152734,0.5773941428619783,0.6488760669576992
24060,0.9997049085308127,0.6381936042883484,0.6488760669576992
24110,0.9997635612039206,0.638219997991247,0.6488760669576992
24116,0.9999861448720855,0.5955682049995453,0.6488760669576992
24129,0.9997443157025028,0.638211337515609,0.6488760669576992
24151,0.00020756838035141854,-0.0006010732762952894,0.6488760669576992
24153,0.9992385439688772,0.6204953527173543,0.6488760669576992
24233,0.9992125622295647,0.6214659301479456,0.6488760669576992
24252,0.9999159695151161,0.6382885817312849,0.6488760669576992
24260,0.9997617343865861,0.603191144541085,0.6488760669576992
24261,0.9997313381048251,0.6382054975966539,0.6488760669576992
24314,0.9996291641669985,0.6206711318065089,0.6488760669576992
24328,0.9999861886566018,0.5862560245593095,0.6488760669576992
24362,0.9999983187411878,0.5773941400836398,0.6488760669576992
24365,0.999915180056592,0.6002886109909861,0.6488760669576992
24391,0.9999154135929669,0.6002887160823548,0.6488760669576992
24406,0.9910164291129488,0.5963816889674615,0.6488760669576992
24430,0.9997500262535658,0.6382139072635873,0.6488760669576992
24451,0.9999855768314102,0.6198967914838474,0.6488760669576992
24453,0.9999397795833563,0.6022050536325524,0.6488760669576992
24486,0.99991535659537,0.6002886904334361,0.6488760669576992
24502,0.9999861946685612,0.5862560272646912,0.6488760669576992
24520,0.9997510833614068,0.6382143829621157,0.6488760669576992
24521,0.9999860443282567,0.5955681597548222,0.6488760669576992
24532,8.116270608606395e-05,-0.000261969491381195,0.6488760669576992
24565,0.04926176167639395,-0.046982799868161854,0.6488760669576992
24575,0.9992318364448362,0.6214746035448176,0.6488760669576992
24603,0.9999104474265935,0.6002864813074867,0.6488760669576992
24608,0.9999861949097986,0.5862560273732479,0.6488760669576992
24625,0.9999398374024642,0.6160886157087596,0.6488760669576992
24630,2.1977233560774955e-05,-8.108491349918524e-05,0.6488760669576992
24640,0.9999063411802236,0.6382842489805832,0.6488760669576992
24723,0.9999983224457365,0.5773941417506867,0.6488760669576992
24724,0.9997952311568894,0.6032062180877215,0.6488760669576992
24727,0.9999154087151881,0.6002887138873543,0.6488760669576992
24733,0.9996899996205526,0.6297250484041291,0.6488760669576992
24743,0.9999983223726185,0.5773941417177836,0.6488760669576992
24745,0.9999781825555427,0.5812789937009067,0.6488760669576992
24795,0.9999829706773559,0.5862545764686488,0.6488760669576992
24822,0.9987223884374056,0.6202630827281922,0.6488760669576992
24836,0.9999861931591943,0.586256026585476,0.6488760669576992
24862,0.9999101790976392,0.6002863605594573,0.6488760669576992
24879,0.9999861896577764,0.586256025009838,0.6488760669576992
24880,0.9999316058533505,0.6022013754540498,0.6488760669576992
24898,0.9997110913117487,0.5859271538031224,0.6488760669576992
24916,0.9999773005679314,0.5812785968064816,0.6488760669576992
25022,0.9999855858104021,0.5812823251655935,0.6456792462677635
25025,0.9997595105944981,0.6382181752170067,0.6456792462677635
25032,0.9999398695670708,0.6160886301828327,0.6456792462677635
25045,0.9999858801121193,0.5812824576013663,0.6456792462677635
25046,0.9996297195494244,0.6206713817286006,0.6456792462677635
25052,0.9998846313386406,0.638274479551871,0.6456792462677635
25054,0.9999160300897053,0.6382886089898501,0.6456792462677635
25085,0.26759567530415945,-0.08355234713563428,0.6456792462677635
25102,0.9996791266550067,0.6381820024442356,0.6456792462677635
25113,0.03158250963967048,-0.03518537724936404,0.6456792462677635
25125,0.9998846982241297,0.638274509650341,0.6456792462677635
25149,0.9998289798669402,0.6032214050072443,0.6456792462677635
25194,0.9997477583387065,0.6382128867019007,0.6456792462677635
25212,0.9997498527260933,0.6382138291762246,0.6456792462677635
25229,0.9997390042553495,0.6382089473643899,0.6456792462677635
25284,0.9999983249761006,0.5773941428893505,0.6456792462677635
25303,0.9357510077241985,0.5929082306205308,0.6456792462677635
25344,0.9999861958331753,0.5862560277887675,0.6456792462677635
25403,0.9997151075870863,0.6381981938636715,0.6456792462677635
25408,0.9996767666921667,0.6381809404609576,0.6456792462677635
25418,0.9999843445796973,0.5955673948679706,0.6456792462677635
25421,0.9997437516818566,0.6382110837063181,0.6456792462677635
25436,0.9999851001209243,0.6198965769641287,0.6456792462677635
25446,0.9999983224330716,0.5773941417449875,0.6456792462677635
25500,0.9999398349646961,0.616088614611764,0.6456792462677635
25512,0.9998962618428893,0.6002800977948198,0.6456792462677635
25549,0.9817502719689383,0.5922119182526566,0.6456792462677635
25616,3.843830424892779e-05,-0.00013422240550850801,0.6456792462677635
25630,0.052584664303363574,-0.04890674143978415,0.6456792462677635
25632,0.9996048391346698,0.620660185541961,0.6456792462677635
25647,0.0001469252105394699,-0.0004434098197834124,0.6456792462677635
25668,0.9999398627950619,0.6160886271354286,0.6456792462677635
25675,0.9997524262799852,0.638214987275476,0.6456792462677635
25730,0.999998363129393,0.5689157253787117,0.6456792462677635
25736,0.9997840015772443,0.6382291961592427,0.6456792462677635
25763,0.9999522599170324,0.5955529567697714,0.6456792462677635
25764,0.9999983050155786,0.5773941339071157,0.6456792462677635
25772,0.9999855187141116,0.619896765331063,0.6456792462677635
25776,0.999755929213189,0.6382165635954177,0.6456792462677635
25784,0.9999861727090372,0.5955682175261735,0.6456792462677635
25794,0.999998322918246,0.577394141963316,0.6456792462677635
25816,0.9994625519960874,0.6205961563295989,0.6456792462677635
25825,0.9995126668860708,0.6206187080300914,0.6456792462677635
25834,0.9997492931502083,0.6297517304924742,0.6456792462677635
25859,0.9891632154448583,0.6249879955250667,0.6456792462677635
25863,0.9999861862090773,0.5862560234579234,0.6456792462677635
25884,0.9999851434710563,0.586255554225814,0.6456792462677635
25899,0.999998321919105,0.5773941415137025,0.6456792462677635
25907,0.4701592843519671,-0.030447661026690897,0.6456792462677635
25923,0.999692772017611,0.6297262959828054,0.6456792462677635
25936,0.9999841405467886,0.5812816747969675,0.6456792462677635
25958,0.9999806933940573,0.5812801235782383,0.6456792462677635
25985,0.9996851210464546,0.6381846999203872,0.6456792462677635
26042,0.9999861959016398,0.5862560278195765,0.6434442312352072
26093,0.9999153496969089,0.6002886873291287,0.6434442312352072
26191,0.9996184050964609,0.63815467774289,0.6434442312352072
26199,0.9999855817645293,0.619896793703751,0.6434442312352072
26223,0.9999398655794683,0.6160886283884116,0.6434442312352072
26254,0.9999029927855014,0.6002831267189953,0.6434442312352072
26255,0.999896971275428,0.6073418268064444,0.6434442312352072
26270,4.4607005791638025e-05,-0.00015341612077631755,0.6434442312352072
26271,2.296836754697727e-05,-8.438358436506278e-05,0.6434442312352072
26302,0.9999154118661734,0.6002887153052977,0.6434442312352072
26333,6.179317025362829e-05,-0.00020540585349593859,0.6434442312352072
26375,2.0931427988682282e-05,-7.758713471638612e-05,0.6434442312352072
26413,0.9999398546364026,0.6160886234640319,0.6434442312352072
26445,0.9997038449017728,0.6381931256552804,0.6434442312352072
26457,0.9997435286100421,0.6382109833240016,0.6434442312352072
26465,0.9999340916930587,0.6022024940819185,0.6434442312352072
26476,0.9999153595360163,0.6002886917567269,0.6434442312352072
26533,0.9999999873333338,0.6580351221833063,0.6434442312352072
26536,0.9999750700670853,0.5812775930811009,0.6434442312352072
26645,0.999986181891028,0.5955682216580693,0.6434442312352072
26650,0.9999153345587333,0.6002886805169496,0.6434442312352072
26683,0.9997562314774818,0.6382166996143495,0.6434442312352072
26744,4.228762713275011e-05,-0.00014623725392494933,0.6434442312352072
26745,0.9999983224912015,0.5773941417711459,0.6434442312352072
26775,0.9999983228047762,0.5773941419122546,0.6434442312352072
26795,0.9999148001747669,0.6002884400441647,0.6434442312352072
26806,0.9997283226414561,0.6382041406381379,0.6434442312352072
26824,0.9999398669918327,0.6160886290239754,0.6434442312352072
26841,0.9999855853738235,0.5812823249691331,0.6434442312352072
26845,0.999325204055191,0.6000231217903557,0.6434442312352072
26846,0.9999148064798868,0.6002884428814688,0.6434442312352072
26866,0.9997058485499906,0.6381940272969785,0.6434442312352072
26870,0.999745061021966,0.6382116729093673,0.6434442312352072
26873,0.9997285696741033,0.6382042518028291,0.6434442312352072
26878,0.9999814478938935,0.6198949334619648,0.6434442312352072
26882,0.9999855587078877,0.6198967833282623,0.6434442312352072
26887,0.9999999873333338,0.6580351221833063,0.6434442312352072
26891,0.0001653854752854797,-0.0004922023264157056,0.6434442312352072
26926,0.999915402970421,0.6002887113022092,0.6434442312352072
26956,0.981595065652365,0.587292219350671,0.6434442312352072
27038,6.996774718394363e-05,-0.00022950615954768616,0.6418744637374553
27063,0.999666545133164,0.6381763407594064,0.6418744637374553
27066,0.999659730479437,0.6381732741652294,0.6418744637374553
27087,0.9999861877787425,0.5927434771182855,0.6418744637374553
27120,0.9997272857109872,0.6382036740194269,0.6418744637374553
27220,0.9999983210742385,0.5773941411335126,0.6418744637374553
27221,9.842255457551583e-05,-0.0003109712294157676,0.6418744637374553
27239,0.9999849561369918,0.6198965121713591,0.6418744637374553
27275,3.323252442082913e-05,-0.0001177538119059838,0.6418744637374553
27290,0.9996943907012943,0.620700483746942,0.6418744637374553
27305,0.999984667859813,0.5867291695827859,0.6418744637374553
27314,0.9997514603745709,0.6382145526180395,0.6418744637374553
27365,0.9961243025081085,0.6160129399483331,0.6418744637374553
27410,0.9999855728321418,0.5812823193253763,0.6418744637374553
27411,0.999977880047179,0.5812788575721431,0.6418744637374553
27416,5.185622544499667e-05,-0.00017558810005768367,0.6418744637374553
27426,0.9999983220167992,0.5773941415576649,0.6418744637374553
27432,0.9999153998445454,0.600288709895565,0.6418744637374553
27438,0.9999855709684606,0.5812823184867199,0.6418744637374553
27470,0.9997572536496233,0.6382171595918131,0.6418744637374553
27476,8.809619234693343e-05,-0.00028179611954794995,0.6418744637374553
27478,0.9999863868103078,0.5862561137284771,0.6418744637374553
27485,0.9999999873333338,0.6580351221833063,0.6418744637374553
27491,0.9999855782970031,0.581282321784564,0.6418744637374553
27518,0.9997313997264173,0.6382055253263704,0.6418744637374553
27536,0.9998636350259206,0.6032369998287855,0.6418744637374553
27538,0.9999999873333338,0.6580351221833063,0.6418744637374553
27576,0.9999861905073281,0.5927434783461489,0.6418744637374553
27581,0.9999855836806804,0.6198967945660189,0.6418744637374553
27588,0.9893261196090327,0.5812539165369003,0.6418744637374553
27591,0.9998193445248448,0.6032170691033014,0.6418744637374553
27660,0.9999769976920366,0.5867257180072865,0.6418744637374553
27690,0.9999153948738682,0.6002887076587603,0.6418744637374553
27698,0.9996272015499136,0.6206702486288208,0.6418744637374553
27717,0.9999154145211346,0.6002887165000302,0.6418744637374553
27718,0.9997518343986129,0.6382147209288586,0.6418744637374553
27724,0.9996297189400241,0.6206713814543704,0.6418744637374553
27740,0.999998322460224,0.577394141757206,0.6418744637374553
27741,0.9997493957711678,0.6382136235465082,0.6418744637374553
27746,1.3155317622268046e-05,-5.092274252339349e-05,0.6418744637374553
27784,0.9997480424613252,0.638213014557079,0.6418744637374553
27831,0.9997485999677718,0.63821326543498,0.6418744637374553
27843,0.9997527920222626,0.6382151518595008,0.6418744637374553
27850,5.9390394386014513e-05,-0.0001982513991654373,0.6418744637374553
27851,0.9999845480105817,0.5862552862686004,0.6418744637374553
27879,0.9999983221507528,0.577394141617944,0.6418744637374553
27886,0.9999983251064275,0.5773941429479976,0.6418744637374553
27896,0.999552576122192,0.6296632078298668,0.6418744637374553
27905,0.9847668604718703,0.6662245220014704,0.6418744637374553
27959,0.9999861813581491,0.5955682214182739,0.6418744637374553
27989,0.999989125796979,0.6218153837532819,0.6418744637374553
28020,0.9999148416340935,0.6002884587008618,0.6407772724937626
28028,0.9999315194149826,0.6022013365567843,0.6407772724937626
28049,0.999914058854965,0.6002881064502539,0.6407772724937626
28055,0.9997357113669795,0.6382074655646234,0.6407772724937626
28069,0.9997557782006028,0.6382164956397539,0.6407772724937626
28082,0.9995600565278008,0.6296665740123908,0.6407772724937626
28096,0.999731177929634,0.6382054255178179,0.6407772724937626
28119,0.9999370645861091,0.6022038318837911,0.6407772724937626
28120,4.927427485907697e-05,-0.00016773500281354786,0.6407772724937626
28129,0.99998619239818,0.5862560262430195,0.6407772724937626
28150,0.3917580593680491,-0.058401639224954456,0.6407772724937626
28179,0.9999862922318576,0.5862560711681746,0.6407772724937626
28221,0.9999776723397306,0.6198932344625915,0.6407772724937626
28246,0.9999398398258166,0.6160886167992682,0.6407772724937626
28261,0.9999999873333338,0.6580351221833063,0.6407772724937626
28263,0.9999153873071637,0.6002887042537434,0.6407772724937626
28277,4.756197035087584e-05,-0.00016250073763104684,0.6407772724937626
28310,0.9996733889561796,0.6381794204797635,0.6407772724937626
28326,0.00013864955185845018,-0.0004212758195066247,0.6407772724937626
28339,0.26759567530415945,-0.08355234713563428,0.6407772724937626
28351,0.9999153472996414,0.6002886862503582,0.6407772724937626
28396,0.9999983207486681,0.5773941409870059,0.6407772724937626
28415,0.9999398710449888,0.6160886308478958,0.6407772724937626
28459,0.999998288638012,0.5773941265372107,0.6407772724937626
28497,0.9999899167158522,0.621815739666775,0.6407772724937626
28521,0.9999999873333338,0.6580351221833063,0.6407772724937626
28525,0.9999861834048245,0.5862560221960097,0.6407772724937626
28530,0.9982420208595308,0.5886311868865812,0.6407772724937626
28548,0.9999154043700882,0.6002887119320593,0.6407772724937626
28551,0.9999898260667441,0.6218156988746762,0.6407772724937626
28558,0.00011932480750251361,-0.0003688902197033792,0.6407772724937626
28587,0.9998891146500241,0.6382764970419935,0.6407772724937626
28614,0.9999150739037219,0.6002885632221945,0.6407772724937626
28635,0.9999855858201953,0.5867295826649579,0.6407772724937626
28644,0.9996952898016952,0.6207008883421224,0.6407772724937626
28692,0.9999855859857103,0.5812823252444822,0.6407772724937626
28716,0.9999983221058841,0.5773941415977532,0.6407772724937626
28727,0.9999398672041958,0.6160886291195389,0.6407772724937626
28739,0.9996973305248573,0.6072519884686877,0.6407772724937626
28754,0.9999398664929516,0.616088628799479,0.6407772724937626
28780,0.9999855508481407,0.5812823094325759,0.6407772724937626
28824,0.9999855825168326,0.6198967940422874,0.6407772724937626
28844,0.9999398702112133,0.6160886304726968,0.6407772724937626
28891,0.9999978655466888,0.5773939361461152,0.6407772724937626
28898,0.9999185771719759,0.6002901396929088,0.6407772724937626
28902,7.363566445309782e-05,-0.0002402076402632165,0.6407772724937626
28905,0.9999861849174706,0.5927434758307131,0.6407772724937626
28937,0.9999897773366494,0.6218156769461337,0.6407772724937626
28946,0.9997551886681707,0.6382162303501594,0.6407772724937626
28982,0.9999861834124998,0.5927434751534761,0.6407772724937626
28993,0.9995242580776539,0.6206239240663038,0.6407772724937626
29016,0.998430331233733,0.6090259763120075,0.6400090394375599
29023,0.9999858981449355,0.5955680939723278,0.6400090394375599
29028,0.9999155181345403,0.6002887631260628,0.6400090394375599
29035,0.9945715584867265,0.6130292505744266,0.6400090394375599
29074,0.9999861908698782,0.5927434785092964,0.6400090394375599
29077,0.999985585433738,0.5812823249960947,0.6400090394375599
29083,0.9999855840747933,0.6198967947433698,0.6400090394375599
29099,0.0001685452342106477,-0.0005004785134070024,0.6400090394375599
29112,0.9999978928560074,0.6161147406628541,0.6400090394375599
29127,0.9999861820814985,0.5955682217437811,0.6400090394375599
29142,0.9999035964671678,0.6002833983757452,0.6400090394375599
29157,0.9997249483940199,0.6382026222267917,0.6400090394375599
29196,4.228762713275011e-05,-0.00014623725392494933,0.6400090394375599
29211,4.191946361147928e-05,-0.00014509365245259456,0.6400090394375599
29212,0.9999983222161588,0.5773941416473767,0.6400090394375599
29274,0.9999864465916964,0.5955683407733702,0.6400090394375599
29296,0.00014386783276058157,-0.0004352522881943595,0.6400090394375599
29344,0.9998098566360474,0.6032127995533426,0.6400090394375599
29354,0.9999148108696906,0.6002884448568804,0.6400090394375599
29360,0.9997078884912342,0.6381949452705381,0.6400090394375599
29409,0.9999727497207,0.6218080145189565,0.6400090394375599
29427,0.9999861938046264,0.5862560268759205,0.6400090394375599
29436,0.9999398741236991,0.6160886322333153,0.6400090394375599
29441,0.9999983204110433,0.5773941408350748,0.6400090394375599
29443,0.9997344278182504,0.6382068879676953,0.6400090394375599
29458,0.9999857545698612,0.5862558292202761,0.6400090394375599
29460,0.00010771463053065902,-0.00033689509646603794,0.6400090394375599
29477,0.9999999873333338,0.6580351221833063,0.6400090394375599
29511,0.9997887072673283,0.603203282337419,0.6400090394375599
29524,0.9988348144106415,0.6149477157401884,0.6400090394375599
29548,0.9998521755590497,0.615405528256972,0.6400090394375599
29586,0.9999861814272127,0.5955682214493525,0.6400090394375599
29595,0.9999983210241974,0.5773941411109941,0.6400090394375599
29598,0.9999983224611999,0.5773941417576453,0.6400090394375599
29602,0.9994956870371036,0.6206110670980562,0.6400090394375599
29614,0.9960461958266269,0.6136928373773818,0.6400090394375599
29619,0.9999983203193202,0.5773941407937994,0.6400090394375599
29630,0.9998473506460254,0.6998427542936877,0.6400090394375599
29648,0.9999154157869572,0.6002887170696504,0.6400090394375599
29666,0.9999772061724755,0.5862519824414526,0.6400090394375599
29712,0.9997341824667807,0.638206777559534,0.6400090394375599
29714,0.9997385848500349,0.6072705529150175,0.6400090394375599
29769,0.9999362582214526,0.6160870050773045,0.6400090394375599
29777,0.9999999873333338,0.6580351221833063,0.6400090394375599
29811,0.9999394845164016,0.6022049208524228,0.6400090394375599
29830,0.9999160086472387,0.6382885993407401,0.6400090394375599
29865,0.9999861507331821,0.5955682076370387,0.6400090394375599
29877,0.0001300245329525548,-0.0003980213215308086,0.6400090394375599
29881,0.9999983214236507,0.5773941412907481,0.6400090394375599
29889,0.9999855844383034,0.6198967949069493,0.6400090394375599
30004,0.9999855855108143,0.5812823250307789,0.639492907408514
30039,0.999998324972433,0.5773941428877001,0.639492907408514
30066,0.9999982844751998,0.5773941246639451,0.639492907408514
30067,0.9999987466205575,0.6161151248569017,0.639492907408514
30070,0.999998322188472,0.5773941416349176,0.639492907408514
30088,0.9996291658552343,0.6206711325662151,0.639492907408514
30098,0.9996674605866774,0.6206883651953644,0.639492907408514
30100,0.9997295733821164,0.638204703471435,0.639492907408514
30110,0.9999983249977601,0.5773941428990973,0.639492907408514
30148,0.9996722468507416,0.6381789065323163,0.639492907408514
30151,0.9999983218725488,0.5773941414927523,0.639492907408514
30162,0.9999982869236114,0.5773941257657303,0.639492907408514
30178,7.105548886685358e-05,-0.0002326866776740316,0.639492907408514
30240,0.9999855855382445,0.5812823250431226,0.639492907408514
30287,0.18191059848792995,-0.08486921589855809,0.639492907408514
30308,0.999743329513806,0.6382108937306953,0.639492907408514
30309,0.9999982882020475,0.5773941263410266,0.639492907408514
30319,0.9999156570952034,0.6002888256583612,0.639492907408514
30328,3.843830424892779e-05,-0.00013422240550850801,0.639492907408514
30336,0.9999844300559099,0.6198962754348721,0.639492907408514
30397,0.9999983209261686,0.5773941410668811,0.639492907408514
30418,1.3155317622268046e-05,-5.092274252339349e-05,0.639492907408514
30435,0.9998847078256609,0.6382745139710301,0.639492907408514
30447,0.9969463919237918,0.6163828801853906,0.639492907408514
30463,0.045609200260799454,-0.0447715653596776,0.639492907408514
30465,0.9999398555291398,0.6160886238657637,0.639492907408514
30476,0.9999154419020643,0.6002887288214486,0.639492907408514
30522,0.9996860955290214,0.6297232915629402,0.639492907408514
30526,5.9390394386014513e-05,-0.0001982513991654373,0.639492907408514
30550,0.9999761887776782,0.619892566859668,0.639492907408514
30599,0.9997742364253092,0.5907548071439724,0.639492907408514
30614,0.999984342684287,0.6198962361176419,0.639492907408514
30623,0.9994881935282762,0.6206076950190839,0.639492907408514
30625,0.9999154004156391,0.6002887101525572,0.639492907408514
30632,0.9999861904777322,0.5927434783328308,0.639492907408514
30700,0.9999153339477651,0.600288680242014,0.639492907408514
30712,0.999998323723554,0.5773941423257045,0.639492907408514
30718,0.9999126107644708,0.6382870702934945,0.639492907408514
30723,0.9996381097396682,0.6297016979577311,0.639492907408514
30830,0.9999749792137003,0.6198920225558778,0.639492907408514
30832,0.9999154033970319,0.6002887114941841,0.639492907408514
30838,7.164874769598954e-05,-0.00023441885904011722,0.639492907408514
30881,0.9999397913885281,0.6022050589448797,0.639492907408514
30882,0.999985811524643,0.5812824267370019,0.639492907408514
30894,0.9993126189560905,0.6205286864616003,0.639492907408514
30937,0.9999855656408012,0.6198967864480733,0.639492907408514
30971,0.11161663442310742,-0.07288382631111716,0.639492907408514
30990,0.9999983224375998,0.5773941417470252,0.639492907408514
31003,0.9999861819417485,0.5862560215376255,0.6391064462273903
31013,0.999986194553429,0.5862560272128817,0.6391064462273903
31065,0.9999983189895787,0.5773941401954157,0.6391064462273903
31073,0.9998977499524654,0.6382803829280921,0.6391064462273903
31074,0.9997031130250061,0.5859235635740884,0.6391064462273903
31149,4.4607005791638025e-05,-0.00015341612077631755,0.6391064462273903
31155,0.9999861935157272,0.5862560267459158,0.6391064462273903
31194,0.9999853851368773,0.5862556629754334,0.6391064462273903
31196,0.9999398419137923,0.6160886177388573,0.6391064462273903
31200,0.9999861940014025,0.5862560269644698,0.6391064462273903
31209,0.9998902868433309,0.5860077917923344,0.6391064462273903
31215,0.9999982321647356,0.5773941011242363,0.6391064462273903
31331,0.9989936495465248,0.6203851502272958,0.6391064462273903
31344,0.9997984571813484,0.6032076697987281,0.6391064462273903
31360,0.9999861856843518,0.5862560232217969,0.6391064462273903
31364,0.9999983224371948,0.5773941417468429,0.6391064462273903
31365,0.9683355249680129,0.6012230354910055,0.6391064462273903
31374,7.779949937495234e-05,-0.0002522778721802938,0.6391064462273903
31381,0.35850639119713057,-0.0675315083348562,0.6391064462273903
31385,0.9999168053700898,0.6154346116719401,0.6391064462273903
31398,0.9999983208325527,0.577394141024754,0.6391064462273903
31434,0.9999855829755793,0.5812823238899233,0.6391064462273903
31472,0.9999398390610088,0.6160886164551048,0.6391064462273903
31483,4.927427485907697e-05,-0.00016773500281354786,0.6391064462273903
31540,0.9999398729628992,0.6160886317109554,0.6391064462273903
31569,0.9999398740290569,0.6160886321907264,0.6391064462273903
31577,0.9999861946253162,0.586256027245231,0.6391064462273903
31586,0.9996497892221599,0.6206804130813316,0.6391064462273903
31591,0.9999398701356353,0.6160886304386867,0.6391064462273903
31597,0.9999398646968314,0.6160886279912249,0.6391064462273903
31624,0.9996197114535403,0.6206668780854528,0.6391064462273903
31633,0.9997363024502408,0.638207731552091,0.6391064462273903
31651,4.756197035087584e-05,-0.00016250073763104684,0.6391064462273903
31663,7.20805945156029e-05,-0.0002356786610573513,0.6391064462273903
31680,0.9999154098769888,0.6002887144101646,0.6391064462273903
31683,0.9999398660232716,0.616088628588123,0.6391064462273903
31699,0.9999983249495726,0.577394142877413,0.6391064462273903
31767,0.9997113971977775,0.6381965241884825,0.6391064462273903
31768,0.9999982713138112,0.5773941187413203,0.6391064462273903
31777,0.9996624302592373,0.6297126421915372,0.6391064462273903
31838,0.9999803756626999,0.5862534087120536,0.6391064462273903
31846,0.9999983249478653,0.5773941428766447,0.6391064462273903
31889,0.9999152479266251,0.6002886415325009,0.6391064462273903
31892,0.999915882991809,0.6382885427957967,0.6391064462273903
31896,0.9999398667399026,0.616088628910607,0.6391064462273903
31922,0.000107544154311394,-0.00033642211635725923,0.6391064462273903
31953,0.9999154025736805,0.6002887111236759,0.6391064462273903
31986,0.999751715457827,0.6382146674055048,0.6391064462273903
32025,0.9999855743812277,0.6198967903812651,0.6388368318248006
32028,0.9997562881389594,0.6382167251120144,0.6388368318248006
32051,0.999663824027862,0.6297132693874183,0.6388368318248006
32102,0.0001038352780163007,-0.0003261080624521729,0.6388368318248006
32124,0.9999398718168286,0.6160886311952237,0.6388368318248006
32251,0.9998765307434495,0.600271218800072,0.6388368318248006
32270,0.999998206723889,0.5773940896758553,0.6388368318248006
32295,0.9999398377744254,0.6160886158761422,0.6388368318248006
32308,0.9999861849600237,0.5862560228958492,0.6388368318248006
32356,0.9996407359674575,0.6297028797602363,0.6388368318248006
32380,0.9999983224476097,0.5773941417515296,0.6388368318248006
32383,0.9999861877241829,0.5862560241397209,0.6388368318248006
32407,0.02719046698323165,-0.03175291296192498,0.6388368318248006
32414,0.15173773682513045,-0.08143146024263437,0.6388368318248006
32428,0.999330930004035,0.6585409000059204,0.6388368318248006
32430,0.9999156590666387,0.6002888265455071,0.6388368318248006
32435,0.00010771463053065902,-0.00033689509646603794,0.6388368318248006
32474,0.9997076770780798,0.6381948501346185,0.6388368318248006
32488,4.541190957568365e-05,-0.0001558973532505389,0.6388368318248006
32526,0.9999819824615759,0.5862541317715478,0.6388368318248006
32542,0.9999362587658507,0.6160870053222837,0.6388368318248006
32561,0.9997739919011193,0.6382246918049863,0.6388368318248006
32572,0.5212086221560882,-0.0075320046292665635,0.6388368318248006
32574,0.9999861824842841,0.5862560217817664,0.6388368318248006
32577,0.999911979581386,0.6002871707771433,0.6388368318248006
32581,0.9997414396320862,0.6382100432839214,0.6388368318248006
32589,0.9999983221508175,0.5773941416179732,0.6388368318248006
32666,0.9999136395986794,0.6002879177849254,0.6388368318248006
32683,0.9996271937904618,0.6206702451370675,0.6388368318248006
32684,0.9999861796468804,0.595568220648203,0.6388368318248006
32704,0.9999861815047756,0.5927434742950003,0.6388368318248006
32711,0.9999982474503257,0.5773941080027518,0.6388368318248006
32721,0.9804791891247494,0.61111891701585,0.6388368318248006
32724,0.9999154071820954,0.6002887131974626,0.6388368318248006
32732,0.9997065305314203,0.6381943341886218,0.6388368318248006
32738,0.9999398510593597,0.6160886218543626,0.6388368318248006
32741,0.028501377845203683,-0.032802711529315146,0.6388368318248006
32769,0.9999398645564677,0.6160886279280612,0.6388368318248006
32786,0.9997536061468651,0.638215518215572,0.6388368318248006
32811,1.3827201994500462e-05,-5.3280080783739125e-05,0.6388368318248006
32816,0.9997551461378995,0.6382162112115374,0.6388368318248006
32830,0.9815512971085302,0.592122379565473,0.6388368318248006
32886,0.99999836387584,0.5689157257146128,0.6388368318248006
32897,0.9999159718069821,0.6382885827626247,0.6388368318248006
32931,0.9997221674650458,0.6382013708087533,0.6388368318248006
32959,0.9999861777011259,0.5955682197726134,0.6388368318248006
32960,0.4830888478473691,-0.024992365525917052,0.6388368318248006
32968,0.9992054262604338,0.6173994456368795,0.6388368318248006
32981,0.9999983197122173,0.577394140520603,0.6388368318248006
32994,0.9931823187971366,0.6669709873633978,0.6388368318248006
32996,0.9999861873950298,0.586256023991602,0.6388368318248006
33027,0.9999983242357458,0.5773941425561908,0.6386531898188562
33032,0.9999398530953271,0.6160886227705479,0.6386531898188562
33039,0.999985500081948,0.6198967569465893,0.6386531898188562
33048,0.99998617237223,0.5862560172313421,0.6386531898188562
33060,0.9915009686646309,0.6542105637823898,0.6386531898188562
33075,0.9999861745440612,0.5955682183519343,0.6386531898188562
33077,0.9999976897413705,0.577393857033722,0.6386531898188562
33088,0.9824528595150088,0.5925280826483884,0.6386531898188562
33115,0.9997323631223448,0.6382059588545378,0.6386531898188562
33138,0.9999145093306012,0.6002883091642902,0.6386531898188562
33140,0.9999861954343778,0.5862560276093086,0.6386531898188562
33206,0.999986184508925,0.5862560226928548,0.6386531898188562
33220,0.9999982801645455,0.5773941227241507,0.6386531898188562
33246,0.9997058483428436,0.6381940272037623,0.6386531898188562
33305,0.999998324978736,0.5773941428905365,0.6386531898188562
33308,0.9997123081984842,0.6381969341388006,0.6386531898188562
33310,0.9997401176946097,0.638209448412057,0.6386531898188562
33323,0.9995261782873076,0.620624788160648,0.6386531898188562
33330,0.9997532637160411,0.6382153641217011,0.6386531898188562
33402,0.9999983214148981,0.5773941412868094,0.6386531898188562
33403,0.9999981303595151,0.577394055311887,0.6386531898188562
33435,0.999916422297039,0.6002891699991872,0.6386531898188562
33475,0.9992607371346974,0.6205053396419734,0.6386531898188562
33508,0.9999815816589488,0.5955661515536338,0.6386531898188562
33529,0.9999999873333338,0.6580351221833063,0.6386531898188562
33557,0.9999861808046124,0.5955682211691824,0.6386531898188562
33565,0.9999983189155522,0.5773941401621038,0.6386531898188562
33632,0.999740762060312,0.6382097383766231,0.6386531898188562
33641,0.9996649290526868,0.6297137666485895,0.6386531898188562
33662,4.6936878051929436e-05,-0.00016058453276004836,0.6386531898188562
33672,0.9999398463934531,0.6160886197547047,0.6386531898188562
33673,0.9999823758445,0.586728138175895,0.6386531898188562
33699,0.9999861870694584,0.5862560238450949,0.6386531898188562
33757,0.9999983222716674,0.5773941416723556,0.6386531898188562
33762,0.9974878919940656,0.6390342195039436,0.6386531898188562
33818,0.999985815727674,0.6154656663328529,0.6386531898188562
33824,0.9999983636794533,0.5689157256262388,0.6386531898188562
33830,0.9999861443803365,0.5955682047782582,0.6386531898188562
33863,0.9999999823799387,0.6580351199542784,0.6386531898188562
33875,0.9962642862789489,0.6137909780809268,0.6386531898188562
33901,0.9997211115237221,0.6382008956351576,0.6386531898188562
33925,0.999998320509269,0.5773941408792763,0.6386531898188562
33958,0.9997230312459592,0.6382017595101642,0.6386531898188562
33960,0.999748767456282,0.5859441080681624,0.6386531898188562
33966,0.9999861948530424,0.5862560273477077,0.6386531898188562
33970,0.9999983223494712,0.5773941417073672,0.6386531898188562
33981,0.9999156629355068,0.6002888282864978,0.6386531898188562
34001,0.9999398682121651,0.616088629573125,0.6387674987243824
34005,0.9999156416156705,0.6002888186925713,0.6387674987243824
34038,0.9999999873333338,0.6580351221833063,0.6387674987243824
34044,0.999628690471277,0.6206709186434343,0.6387674987243824
34053,0.9999999873333338,0.6580351221833063,0.6387674987243824
34085,0.9999373386505683,0.6208098103241154,0.6387674987243824
34116,0.9999398679705293,0.6160886294643889,0.6387674987243824
34128,0.999998324692744,0.5773941427618401,0.6387674987243824
34134,0.999619146166448,0.6206666237062611,0.6387674987243824
34144,0.9999398578166365,0.6160886248951373,0.6387674987243824
34152,0.9999855047246643,0.6198967590358117,0.6387674987243824
34163,0.9996271919296817,0.6206702442997164,0.6387674987243824
34164,0.9999855837862304,0.6198967946135163,0.6387674987243824
34187,0.9999861819259985,0.5955682216738062,0.6387674987243824
34206,1.742914873643339e-05,-6.573318225299846e-05,0.6387674987243824
34223,0.999984423606266,0.5862552302866583,0.6387674987243824
34231,0.9995059178889525,0.6206156709813883,0.6387674987243824
34284,0.9999398311380097,0.6160886128897551,0.6387674987243824
34297,0.9969863522537724,0.6141159077695972,0.6387674987243824
34344,0.9999154094720313,0.6002887142279337,0.6387674987243824
34375,0.9999855234242842,0.6198967674506406,0.6387674987243824
34379,0.9999841787332727,0.5955673202370795,0.6387674987243824
34385,0.9999153990667097,0.600288709545539,0.6387674987243824
34392,0.9999861866997013,0.5862560236787042,0.6387674987243824
34406,0.9999861907609024,0.5862560255062447,0.6387674987243824
34428,0.9951615312094494,0.6132947382996519,0.6387674987243824
34437,0.9999864847219747,0.5862561577887272,0.6387674987243824
34447,0.9999398509648371,0.6160886218118274,0.6387674987243824
34456,0.9999983123962114,0.5773941372284004,0.6387674987243824
34459,0.9999837749239726,0.5955671385228944,0.6387674987243824
34506,0.9997516194091695,0.638214624183609,0.6387674987243824
34542,0.00010498732390949806,-0.0003293167364580356,0.6387674987243824
34558,0.999915612250163,0.600288805478093,0.6387674987243824
34559,0.9999983223724329,0.5773941417177001,0.6387674987243824
34586,0.9999816030905524,0.6198950033004613,0.6387674987243824
34589,0.9999153919240232,0.6002887063313301,0.6387674987243824
34598,0.9999153499648638,0.6002886874497083,0.6387674987243824
34606,0.9997840116796978,0.6382292007053466,0.6387674987243824
34631,0.9964115480317894,0.5846474362781439,0.6387674987243824
34645,0.9999861840572175,0.5862560224895864,0.6387674987243824
34685,0.9996451999730205,0.6206783479192188,0.6387674987243824
34718,0.9999983211104698,0.5773941411498167,0.6387674987243824
34729,6.662038136708023e-05,-0.00021968066372496337,0.6387674987243824
34733,0.999978936415256,0.5812793329377778,0.6387674987243824
34773,0.9996477498360429,0.6206794953575789,0.6387674987243824
34852,0.999985791794089,0.5812824178582526,0.6387674987243824
34863,9.603497245287186e-05,-0.0003042611744639768,0.6387674987243824
34864,5.9390394386014513e-05,-0.0001982513991654373,0.6387674987243824
34911,0.9999861338848882,0.5955682000553065,0.6387674987243824
34962,0.9992123882445264,0.6214658518546784,0.6387674987243824
34972,0.9999861823962671,0.5862560217421587,0.6387674987243824
35059,0.9996105566612532,0.6381511459470466,0.6386060093186716
35076,5.185622544499667e-05,-0.00017558810005768367,0.6386060093186716
35099,0.9971564605448676,0.6164774110648746,0.6386060093186716
35108,0.9999855781070573,0.6198967920578885,0.6386060093186716
35145,0.9999983244135809,0.5773941426362167,0.6386060093186716
35168,0.9999983224379514,0.5773941417471834,0.6386060093186716
35178,0.9999861944144945,0.5862560271503612,0.6386060093186716
35202,0.9971274270267866,0.5847645048748895,0.6386060093186716
35223,0.9999999873333338,0.6580351221833063,0.6386060093186716
35276,8.46236676415252e-05,-0.000271891380044867,0.6386060093186716
35292,0.9999861786479418,0.5955682201986806,0.6386060093186716
35325,0.9999154131252666,0.6002887158718896,0.6386060093186716
35335,0.9997374081518774,0.6382082291178275,0.6386060093186716
35342,0.9997204287651409,0.6382005883937961,0.6386060093186716
35355,0.9999853679890433,0.5862556552589081,0.6386060093186716
35405,0.9999868401850944,0.6218143552279339,0.6386060093186716
35416,0.9999982999888277,0.5773941316450777,0.6386060093186716
35429,0.9999398584406053,0.6160886251759231,0.6386060093186716
35455,0.9999983227983551,0.5773941419093651,0.6386060093186716
35473,0.9999861824322642,0.5955682219016257,0.6386060093186716
35494,0.9999154122565304,0.6002887154809583,0.6386060093186716
35502,0.9999861930934917,0.5862560265559099,0.6386060093186716
35524,2.2668205728699936e-06,-1.0183532711371242e-05,0.6386060093186716
35539,0.9999861100351056,0.621814026660439,0.6386060093186716
35553,0.9998715682653784,0.6002689856849399,0.6386060093186716
35589,0.9997576158868535,0.6382173225985667,0.6386060093186716
35621,0.9996888237641885,0.6297245192687653,0.6386060093186716
35652,0.999915297912008,0.6002886640259233,0.6386060093186716
35660,0.9999154019876081,0.6002887108599433,0.6386060093186716
35663,0.9999861815602268,0.5955682215092089,0.6386060093186716
35705,0.9999160296040238,0.6382886087712935,0.6386060093186716
35721,0.9997487860371809,0.638213349166214,0.6386060093186716
35742,0.9999771405454907,0.6198929951551835,0.6386060093186716
35772,3.5887683788910335e-06,-1.553950772757096e-05,0.6386060093186716
35774,0.9999983211596614,0.5773941411719529,0.6386060093186716
35799,4.6936878051929436e-05,-0.00016058453276004836,0.6386060093186716
35810,0.9998945451476605,0.6002793252819669,0.6386060093186716
35830,0.9999364693498366,0.6160871000850773,0.6386060093186716
35844,0.9999861834416878,0.5862560222125981,0.6386060093186716
35866,0.9999999873333338,0.6580351221833063,0.6386060093186716
35867,0.9999861735753921,0.5955682179160332,0.6386060093186716
35873,6.662038136708023e-05,-0.00021968066372496337,0.6386060093186716
35880,0.9999858779122206,0.5867297141063692,0.6386060093186716
35889,0.9999983219064627,0.5773941415080135,0.6386060093186716
35904,0.9996000389944268,0.5858771802603276,0.6386060093186716
35913,0.9999982096665521,0.5773940910000537,0.6386060093186716
35944,0.9998556248833783,0.6382614266470029,0.6386060093186716
35988,0.0001029285252555586,-0.0003235794027242196,0.6386060093186716
35999,0.9980546455883627,0.6722040253038921,0.6386060093186716
36006,0.9999156707431611,0.6002888317999422,0.644434743178062
36030,0.9999855837061644,0.6198967945774867,0.644434743178062
36038,0.9997531259871801,0.6382153021437137,0.644434743178062
36044,0.9999861824317299,0.5955682219013853,0.644434743178062
36071,0.9999156661946972,0.6002888297531334,0.644434743178062
36077,0.9999855683802271,0.6198967876808149,0.644434743178062
36097,0.9999983227678558,0.5773941418956404,0.644434743178062
36102,0.9999861836727342,0.586256022316569,0.644434743178062
36144,0.9996271692508665,0.6206702340942495,0.644434743178062
36159,0.999998317610408,0.5773941395747889,0.644434743178062
36172,0.9997497936871552,0.6382138026087025,0.644434743178062
36187,7.160773182819149e-05,-0.0002342991580394268,0.644434743178062
36200,0.9996369605007793,0.6206746401567104,0.644434743178062
36219,0.9997783848146088,0.6031986372336952,0.644434743178062
36220,0.9999153719285404,0.6002886973333629,0.644434743178062
36260,0.9999061632601052,0.600284553432567,0.644434743178062
36278,0.9997534571046162,0.63821545114656,0.644434743178062
36285,0.9973973893245606,0.6688677691007385,0.644434743178062
36298,0.9999089240599025,0.6002857957924758,0.644434743178062
36307,0.9999983218881894,0.5773941414997905,0.644434743178062
36322,0.9997426455317197,0.6382105859387565,0.644434743178062
36381,0.9997431323711822,0.6382108050165146,0.644434743178062
36398,0.9999983299816001,0.568915710462205,0.644434743178062
36404,0.033459755566226185,-0.03658255565925186,0.644434743178062
36483,0.9997058124410405,0.6381940110479508,0.644434743178062
36492,0.9999983219430061,0.577394141524458,0.644434743178062
36540,0.9999983224579402,0.5773941417561783,0.644434743178062
36548,0.9999983166766196,0.5773941391545842,0.644434743178062
36555,0.9951711904186399,0.6132990849437876,0.644434743178062
36569,0.9999827396850572,0.6198955147679885,0.644434743178062
36575,0.999741581977574,0.638210107339391,0.644434743178062
36584,0.9999153776153099,0.6002886998924091,0.644434743178062
36630,0.9999398702369623,0.6160886304842838,0.644434743178062
36649,0.9996291674245026,0.6206711332723858,0.644434743178062
36663,0.9997321287972656,0.6382058534082522,0.644434743178062
36667,0.26759567530415945,-0.08355234713563428,0.644434743178062
36675,8.930052922659637e-05,-0.0002852198697967251,0.644434743178062
36693,0.9997097233504139,0.638195770957169,0.644434743178062
36702,0.9980717999255577,0.6691712538711873,0.644434743178062
36704,0.9999983209710711,0.5773941410870873,0.644434743178062
36715,0.9999983088807256,0.5773941356464318,0.644434743178062
36734,0.9999983244549199,0.5773941426548193,0.644434743178062
36744,0.2034574748154685,-0.0859802473063081,0.644434743178062
36766,0.999915318972533,0.6002886735031595,0.644434743178062
36817,0.9999861944570841,0.5862560271695264,0.644434743178062
36840,0.999997651714122,0.5773938399214602,0.644434743178062
36849,0.9999982937417818,0.5773941288339071,0.644434743178062
36926,0.9998520548259449,0.6002602046371949,0.644434743178062
36945,0.9999855842935825,0.6198967948418248,0.644434743178062
36959,0.999998324071816,0.5773941424824225,0.644434743178062
36995,0.9999899907393254,0.6218157729773378,0.644434743178062
37040,0.999985292089158,0.5862556211039597,0.6425689108677576
37142,0.9999983177434194,0.577394139634644,0.6425689108677576
37149,0.03478895656549866,-0.03754841748237851,0.6425689108677576
37162,0.9999861803367415,0.5955682209586405,0.6425689108677576
37167,0.9997521184801884,0.6382148487655674,0.6425689108677576
37174,0.017856391462519747,-0.02353655241586816,0.6425689108677576
37182,0.999510277104891,0.6206176326285605,0.6425689108677576
37191,0.03352481376386629,-0.036630273621621946,0.6425689108677576
37195,0.9997428796408518,0.638210691287866,0.6425689108677576
37228,0.9999899523288854,0.6218157556926399,0.6425689108677576
37237,0.9999983224574818,0.577394141755972,0.6425689108677576
37242,0.9997430166191783,0.6382107529281129,0.6425689108677576
37248,0.00011633569637277207,-0.00036069269179096107,0.6425689108677576
37265,0.024151163760612302,-0.029228687937548313,0.6425689108677576
37273,0.9999861475756395,0.5955682062161446,0.6425689108677576
37307,0.9999861656276755,0.5955682143395608,0.6425689108677576
37322,0.9996965469543715,0.6381898415789499,0.6425689108677576
37344,0.9950660508565272,0.6132517721408369,0.6425689108677576
37382,0.9999153591015512,0.6002886915612177,0.6425689108677576
37421,0.9999999873333338,0.6580351221833063,0.6425689108677576
37427,0.041062258761440235,-0.04186636087204015,0.6425689108677576
37444,0.9996668396591465,0.6297146264214963,0.6425689108677576
37455,0.9999398676825657,0.6160886293348053,0.6425689108677576
37459,0.9999398697324159,0.6160886302572379,0.6425689108677576
37488,0.999998223639893,0.5773940972880571,0.6425689108677576
37520,0.9999983219041001,0.5773941415069503,0.6425689108677576
37561,0.4701592843519671,-0.030447661026690897,0.6425689108677576
37590,0.99973958190654,0.6382092073074256,0.6425689108677576
37595,0.9999999873333338,0.6580351221833063,0.6425689108677576
37601,0.9999204840278055,0.6002909977780322,0.6425689108677576
37606,0.9628836192193289,0.5987696779040976,0.6425689108677576
37607,0.9999406017606857,0.6160889596699594,0.6425689108677576
37617,0.9999855735909334,0.6198967900256327,0.6425689108677576
37623,7.049888324425965e-05,-0.00023105992364101075,0.6425689108677576
37643,0.9021500077256492,0.5563917993431766,0.6425689108677576
37723,0.9999982973606698,0.5773941304624067,0.6425689108677576
37743,0.9999154088428559,0.6002887139448049,0.6425689108677576
37775,0.9999855805467689,0.5812823227969586,0.6425689108677576
37776,0.9999999873333338,0.6580351221833063,0.6425689108677576
37822,0.9999983218111873,0.5773941414651396,0.6425689108677576
37835,0.9999155845609958,0.6002887930179678,0.6425689108677576
37844,0.9953561698890406,0.6679492203547546,0.6425689108677576
37886,0.9999154040498756,0.6002887117879636,0.6425689108677576
37887,0.9997704974994375,0.6031950879418682,0.6425689108677576
37904,0.9986869493560384,0.6292736757850977,0.6425689108677576
37921,0.9997039805357566,0.6381931866905731,0.6425689108677576
37951,5.4615720746571425e-05,-0.00018393100451396637,0.6425689108677576
38011,0.9970809337904962,0.5849486598695619,0.6472087742624222
38049,0.9999983217611884,0.57739414144264,0.6472087742624222
38066,0.9999983224149924,0.5773941417368519,0.6472087742624222
38078,3.4963119580408784e-05,-0.0001232585172137677,0.6472087742624222
38085,0.9999154034814224,0.6002887115321598,0.6472087742624222
38086,0.8982193995851616,0.5989174596305163,0.6472087742624222
38090,0.9999153502446548,0.6002886875756144,0.6472087742624222
38111,0.9999861728804263,0.5862560174600305,0.6472087742624222
38145,0.9999899360976711,0.6218157483885934,0.6472087742624222
38152,0.9999855832686224,0.6198967943805929,0.6472087742624222
38158,0.9999860964450228,0.595568183207367,0.6472087742624222
38178,0.9999118041036081,0.6096926391034513,0.6472087742624222
38237,0.9999847207805943,0.5955675641583742,0.6472087742624222
38264,0.9997454696870238,0.6382118568086433,0.6472087742624222
38266,0.9999398673305967,0.6160886291764193,0.6472087742624222
38267,0.9595904495019691,0.6201420977253688,0.6472087742624222
38271,0.9999978357470154,0.5773939227362622,0.6472087742624222
38272,0.9997188375763534,0.6381998723588417,0.6472087742624222
38273,9.161328350904555e-05,-0.00029177865143186453,0.6472087742624222
38279,0.9997115941507714,0.6381966128173298,0.6472087742624222
38280,0.9999983227388217,0.577394141882575,0.6472087742624222
38299,0.9999153549729235,0.6002886897033353,0.6472087742624222
38341,0.9996332280813381,0.6296995012114827,0.6472087742624222
38363,0.9999149544145498,0.6002885094520671,0.6472087742624222
38407,6.662038136708023e-05,-0.00021968066372496337,0.6472087742624222
38420,0.999689472080653,0.6206982703676535,0.6472087742624222
38439,0.9999999873333338,0.6580351221833063,0.6472087742624222
38456,0.9999983211860994,0.57739414118385,0.6472087742624222
38481,0.9999153407268457,0.6002886832926002,0.6472087742624222
38519,0.9999861794968705,0.5862560204374304,0.6472087742624222
38555,0.9997510179218344,0.6382143535143082,0.6472087742624222
38579,0.9999983227955229,0.5773941419080906,0.6472087742624222
38638,0.9999983251062896,0.5773941429479356,0.6472087742624222
38642,0.9999148143115655,0.6002884464057241,0.6472087742624222
38693,4.927427485907697e-05,-0.00016773500281354786,0.6472087742624222
38703,0.9997249263965228,0.638202612327918,0.6472087742624222
38710,0.9999153555532606,0.6002886899644869,0.6472087742624222
38732,0.9999861758217151,0.5955682189268786,0.6472087742624222
38775,0.9999983225006348,0.577394141775391,0.6472087742624222
38789,0.99993980943094,0.602205067063965,0.6472087742624222
38799,0.9996271734834264,0.6206702359989015,0.6472087742624222
38803,0.9999999873333338,0.6580351221833063,0.6472087742624222
38856,0.9999983201462074,0.5773941407158986,0.6472087742624222
38858,0.9999861944561842,0.5862560271691215,0.6472087742624222
38877,0.9999590563057373,0.6154536245929815,0.6472087742624222
38879,0.9999861814101043,0.5955682214416537,0.6472087742624222
38910,0.9992139490219152,0.6295108256347423,0.6472087742624222
38933,0.9999983212861758,0.5773941412288844,0.6472087742624222
38947,0.9999999873333338,0.6580351221833063,0.6472087742624222
38957,0.9996196175451794,0.6095611551521584,0.6472087742624222
38960,0.9999153940586467,0.6002887072919106,0.6472087742624222
38963,0.6452117871791204,0.08189328138593234,0.6472087742624222
38990,0.9999855775582828,0.6198967918109399,0.6472087742624222
39034,0.9998847074507693,0.6382745138023288,0.6504566786386874
39051,0.9999983225026065,0.5773941417762781,0.6504566786386874
39068,0.9999884513663482,0.621815080259498,0.6504566786386874
39075,0.9999398628472882,0.6160886271589304,0.6504566786386874
39158,0.9996146141004683,0.6206645842765703,0.6504566786386874
39165,4.365809988011545e-05,-0.0001504843796097026,0.6504566786386874
39167,0.0012221974257138866,-0.002773091890681086,0.6504566786386874
39173,0.00032953270162316126,-0.0009004112889631401,0.6504566786386874
39177,0.9997195556638865,0.6382001954982316,0.6504566786386874
39185,0.00011315428406077274,-0.0003519379393117386,0.6504566786386874
39227,0.9999861910907644,0.5927434786086953,0.6504566786386874
39231,0.9997169123861037,0.6381990060232293,0.6504566786386874
39232,0.9999999873333338,0.6580351221833063,0.6504566786386874
39234,0.9999983220381972,0.577394141567294,0.6504566786386874
39240,0.999721809851772,0.6382012098827801,0.6504566786386874
39273,0.9997412082811318,0.638209939175992,0.6504566786386874
39299,0.9998373312349991,0.6382531945052322,0.6504566786386874
39346,0.9999398670561265,0.6160886290529076,0.6504566786386874
39355,0.9999855856647053,0.5867295825949874,0.6504566786386874
39357,0.9997237917840824,0.6382021017523197,0.6504566786386874
39391,0.9999861682734807,0.5955682155301731,0.6504566786386874
39392,0.9999983224518342,0.5773941417534306,0.6504566786386874
39415,0.9999855839788676,0.6198967947002032,0.6504566786386874
39440,1.4892940632660156e-05,-5.699581326553445e-05,0.6504566786386874
39445,0.9999999873333338,0.6580351221833063,0.6504566786386874
39454,0.9994477911765062,0.6094838332862553,0.6504566786386874
39474,0.9999398208966847,0.6022050722235502,0.6504566786386874
39488,0.9999154008850182,0.6002887103637778,0.6504566786386874
39515,0.00012203684464308602,-0.0003763049595547084,0.6504566786386874
39537,0.024650251974215494,-0.029652275653326437,0.6504566786386874
39545,0.08293882166976865,-0.0633132312658039,0.6504566786386874
39564,0.9999999873333338,0.6580351221833063,0.6504566786386874
39570,0.9999983248242844,0.5773941428210333,0.6504566786386874
39572,0.9999983636439982,0.568915725610284,0.6504566786386874
39587,0.9999894299483343,0.6218155206213919,0.6504566786386874
39600,1.4861831308823289e-06,-6.898341047549943e-06,0.6504566786386874
39607,0.9997267897007042,0.6382034508147995,0.6504566786386874
39651,0.9999861939596539,0.5862560269456829,0.6504566786386874
39691,0.999988416230583,0.6218150644484038,0.6504566786386874
39707,2.9825837678562762e-05,-0.00010682299972582132,0.6504566786386874
39754,0.9997564155519556,0.6382167824478627,0.6504566786386874
39763,0.0001378778544645718,-0.00041920310002666056,0.6504566786386874
39778,0.9999983210270634,0.5773941411122838,0.6504566786386874
39789,0.9999398585812194,0.6160886252391995,0.6504566786386874
39827,0.999907868681881,0.6002853208723661,0.6504566786386874
39830,0.9999855833860412,0.6198967944334313,0.6504566786386874
39842,0.9999855827426235,0.6198967941438933,0.6504566786386874
39908,0.9999398692872234,0.6160886300569014,0.6504566786386874
39911,0.9983191821577192,0.5853007946838092,0.6504566786386874
39915,0.9997314124629916,0.6382055310578288,0.6504566786386874
39921,0.9999855842725367,0.6198967948323542,0.6504566786386874
39923,0.9999983248186453,0.5773941428184957,0.6504566786386874
39985,0.9999155950326606,0.6002887977302169,0.6504566786386874
39997,0.9999861810383531,0.5955682212743657,0.6504566786386874
